CREATE DATABASE  IF NOT EXISTS `montallantasfy1` /*!40100 DEFAULT CHARACTER SET utf8mb4 COLLATE utf8mb4_general_ci */;
USE `montallantasfy1`;
-- MySQL dump 10.13  Distrib 8.0.43, for Win64 (x86_64)
--
-- Host: 127.0.0.1    Database: montallantasfy1
-- ------------------------------------------------------
-- Server version	5.5.5-10.4.32-MariaDB

/*!40101 SET @OLD_CHARACTER_SET_CLIENT=@@CHARACTER_SET_CLIENT */;
/*!40101 SET @OLD_CHARACTER_SET_RESULTS=@@CHARACTER_SET_RESULTS */;
/*!40101 SET @OLD_COLLATION_CONNECTION=@@COLLATION_CONNECTION */;
/*!50503 SET NAMES utf8 */;
/*!40103 SET @OLD_TIME_ZONE=@@TIME_ZONE */;
/*!40103 SET TIME_ZONE='+00:00' */;
/*!40014 SET @OLD_UNIQUE_CHECKS=@@UNIQUE_CHECKS, UNIQUE_CHECKS=0 */;
/*!40014 SET @OLD_FOREIGN_KEY_CHECKS=@@FOREIGN_KEY_CHECKS, FOREIGN_KEY_CHECKS=0 */;
/*!40101 SET @OLD_SQL_MODE=@@SQL_MODE, SQL_MODE='NO_AUTO_VALUE_ON_ZERO' */;
/*!40111 SET @OLD_SQL_NOTES=@@SQL_NOTES, SQL_NOTES=0 */;

--
-- Table structure for table `auditoria_sesiones`
--

DROP TABLE IF EXISTS `auditoria_sesiones`;
/*!40101 SET @saved_cs_client     = @@character_set_client */;
/*!50503 SET character_set_client = utf8mb4 */;
CREATE TABLE `auditoria_sesiones` (
  `id_audit` int(11) NOT NULL AUTO_INCREMENT,
  `id_sesion` int(11) DEFAULT NULL,
  `usuario_admin_id` int(11) NOT NULL,
  `accion` varchar(100) DEFAULT NULL,
  `fecha` datetime DEFAULT current_timestamp(),
  `descripcion` text DEFAULT NULL,
  PRIMARY KEY (`id_audit`)
) ENGINE=InnoDB DEFAULT CHARSET=utf8mb4 COLLATE=utf8mb4_general_ci;
/*!40101 SET character_set_client = @saved_cs_client */;

--
-- Dumping data for table `auditoria_sesiones`
--

LOCK TABLES `auditoria_sesiones` WRITE;
/*!40000 ALTER TABLE `auditoria_sesiones` DISABLE KEYS */;
/*!40000 ALTER TABLE `auditoria_sesiones` ENABLE KEYS */;
UNLOCK TABLES;

--
-- Table structure for table `categoriaproductos`
--

DROP TABLE IF EXISTS `categoriaproductos`;
/*!40101 SET @saved_cs_client     = @@character_set_client */;
/*!50503 SET character_set_client = utf8mb4 */;
CREATE TABLE `categoriaproductos` (
  `id_categoria` int(11) NOT NULL AUTO_INCREMENT,
  `nombre` varchar(50) NOT NULL,
  `descripcion` text DEFAULT NULL,
  PRIMARY KEY (`id_categoria`)
) ENGINE=InnoDB AUTO_INCREMENT=6 DEFAULT CHARSET=utf8mb4 COLLATE=utf8mb4_general_ci;
/*!40101 SET character_set_client = @saved_cs_client */;

--
-- Dumping data for table `categoriaproductos`
--

LOCK TABLES `categoriaproductos` WRITE;
/*!40000 ALTER TABLE `categoriaproductos` DISABLE KEYS */;
INSERT INTO `categoriaproductos` VALUES (1,'Llantas Radial','Llantas de construcción radial para turismos y camionetas'),(2,'Aceites Lubricantes','Aceites para todo tipo de motores'),(3,'Filtros Vehiculares','Filtros de aire, aceite, combustible, polen'),(4,'Baterías Automotriz','Baterías de arranque para vehículos livianos y pesados'),(5,'Accesorios Taller','Accesorios para mantenimiento general');
/*!40000 ALTER TABLE `categoriaproductos` ENABLE KEYS */;
UNLOCK TABLES;

--
-- Table structure for table `cliente`
--

DROP TABLE IF EXISTS `cliente`;
/*!40101 SET @saved_cs_client     = @@character_set_client */;
/*!50503 SET character_set_client = utf8mb4 */;
CREATE TABLE `cliente` (
  `id_cliente` int(11) NOT NULL AUTO_INCREMENT,
  `nombre` varchar(50) DEFAULT NULL,
  `apellido` varchar(50) DEFAULT NULL,
  `celular` bigint(20) NOT NULL,
  `correo` varchar(100) DEFAULT NULL,
  `direccion` varchar(100) NOT NULL,
  `placa` varchar(7) NOT NULL,
  `modelo` varchar(40) NOT NULL,
  PRIMARY KEY (`id_cliente`),
  UNIQUE KEY `celular` (`celular`),
  UNIQUE KEY `placa` (`placa`),
  UNIQUE KEY `correo` (`correo`)
) ENGINE=InnoDB AUTO_INCREMENT=12 DEFAULT CHARSET=utf8mb4 COLLATE=utf8mb4_general_ci;
/*!40101 SET character_set_client = @saved_cs_client */;

--
-- Dumping data for table `cliente`
--

LOCK TABLES `cliente` WRITE;
/*!40000 ALTER TABLE `cliente` DISABLE KEYS */;
INSERT INTO `cliente` VALUES (1,'Juan','Gómez',3009988777,'juan.gomez@gmail.com','Carrera 8 # 13-45, Bogotá','XYZ789','Chevrolet Onix'),(2,'Maria','Lopez',3001239999,'maria.lopez@gmail.com','Avenida 68 # 45-67, Medellín','ABC123','Mazda 2'),(3,'Pedro','Martinez',3023334455,'pedro.martineze@gmail.com','Calle 26 # 5-89, Cali','DEF456','Toyota Hilux'),(4,'Ana','Sanchez',3034445566,'ana.sancheze@gmail.com','Diagonal 45 # 10-11, Barranquilla','GHI789','Volkswagen Gol'),(5,'Luis','Diaz',3045556677,'luis.diaze@gmail.com','Calle 100 # 70-01, Cartagena','JKL012','Ford Ranger'),(6,'Sofia','Ruiz',3056667788,'sofia.ruize@gmail.com','Avenida Boyacá # 80-20, Bogotá','MNO345','Hyundai i20'),(10,'Mariana','Martines',3147824320,'marianamaritn@gmail.com','TV 94 G # 88 - 3','AKO154','toyota 2009'),(11,'Catalina','Nova',3058315169,'nccatalina0917@gmail.com','TV 94 G # 88 - 3','LIKA45','toyota 2005');
/*!40000 ALTER TABLE `cliente` ENABLE KEYS */;
UNLOCK TABLES;

--
-- Table structure for table `compra`
--

DROP TABLE IF EXISTS `compra`;
/*!40101 SET @saved_cs_client     = @@character_set_client */;
/*!50503 SET character_set_client = utf8mb4 */;
CREATE TABLE `compra` (
  `id_compra` int(11) NOT NULL AUTO_INCREMENT,
  `proveedor_id` int(11) NOT NULL,
  `producto_id` int(11) NOT NULL,
  `descripcion` text DEFAULT NULL,
  `cantidad` int(11) DEFAULT NULL,
  `precio_unitario` decimal(10,2) DEFAULT NULL,
  `fecha_pedido` date DEFAULT NULL,
  `fecha_entrega` date DEFAULT NULL,
  `estado` enum('Pendiente','En proceso','Recibido','Cancelado') NOT NULL DEFAULT 'Pendiente',
  `monto` decimal(10,2) GENERATED ALWAYS AS (`cantidad` * ifnull(`precio_unitario`,0)) STORED,
  PRIMARY KEY (`id_compra`),
  KEY `idx_compra_estado` (`estado`),
  KEY `idx_compra_proveedor` (`proveedor_id`),
  KEY `idx_compra_producto` (`producto_id`),
  KEY `idx_compra_fechas` (`fecha_pedido`,`fecha_entrega`),
  CONSTRAINT `compra_ibfk_1` FOREIGN KEY (`proveedor_id`) REFERENCES `proveedor` (`id_proveedor`),
  CONSTRAINT `compra_ibfk_2` FOREIGN KEY (`producto_id`) REFERENCES `producto` (`id_producto`)
) ENGINE=InnoDB AUTO_INCREMENT=7 DEFAULT CHARSET=utf8mb4 COLLATE=utf8mb4_general_ci;
/*!40101 SET character_set_client = @saved_cs_client */;

--
-- Dumping data for table `compra`
--

LOCK TABLES `compra` WRITE;
/*!40000 ALTER TABLE `compra` DISABLE KEYS */;
INSERT INTO `compra` (`id_compra`, `proveedor_id`, `producto_id`, `descripcion`, `cantidad`, `precio_unitario`, `fecha_pedido`, `fecha_entrega`, `estado`) VALUES (1,1,1,'Compra de 50 llantas actualizada por cambio de condiciones',60,280000.00,'2024-05-01','2025-10-25','En proceso'),(2,2,2,'Orden de 100 aceites Castrol 20W-50',100,37000.00,'2024-05-03','2024-05-08','Pendiente'),(3,3,3,'Compra de 25 filtros K&N para SUV',20,120000.00,'2024-05-05','2024-05-09','Pendiente'),(4,4,4,'Adquisición de 10 baterías MAC',10,380000.00,'2024-05-08','2024-05-12','Pendiente'),(6,1,6,'Orden de 30 llantas Michelin Primacy 4',30,450000.00,'2024-05-15','2024-05-19','Pendiente');
/*!40000 ALTER TABLE `compra` ENABLE KEYS */;
UNLOCK TABLES;

--
-- Table structure for table `control_herramienta`
--

DROP TABLE IF EXISTS `control_herramienta`;
/*!40101 SET @saved_cs_client     = @@character_set_client */;
/*!50503 SET character_set_client = utf8mb4 */;
CREATE TABLE `control_herramienta` (
  `id_control` int(11) NOT NULL AUTO_INCREMENT,
  `usuario_id` int(11) NOT NULL,
  `fecha` datetime NOT NULL,
  `herramienta_total` int(11) NOT NULL,
  `herramienta_faltante` int(11) NOT NULL,
  PRIMARY KEY (`id_control`),
  KEY `usuario_id` (`usuario_id`),
  CONSTRAINT `control_herramienta_ibfk_1` FOREIGN KEY (`usuario_id`) REFERENCES `usuario` (`id_usuario`)
) ENGINE=InnoDB DEFAULT CHARSET=utf8mb4 COLLATE=utf8mb4_general_ci;
/*!40101 SET character_set_client = @saved_cs_client */;

--
-- Dumping data for table `control_herramienta`
--

LOCK TABLES `control_herramienta` WRITE;
/*!40000 ALTER TABLE `control_herramienta` DISABLE KEYS */;
/*!40000 ALTER TABLE `control_herramienta` ENABLE KEYS */;
UNLOCK TABLES;

--
-- Table structure for table `detalleventa`
--

DROP TABLE IF EXISTS `detalleventa`;
/*!40101 SET @saved_cs_client     = @@character_set_client */;
/*!50503 SET character_set_client = utf8mb4 */;
CREATE TABLE `detalleventa` (
  `id_detalle` int(11) NOT NULL AUTO_INCREMENT,
  `venta_id` int(11) NOT NULL,
  `servicio_id` int(11) NOT NULL,
  `producto_id` int(11) NOT NULL,
  `cantidad` int(11) NOT NULL,
  `precio_unitario` float NOT NULL,
  `fecha` date NOT NULL,
  PRIMARY KEY (`id_detalle`),
  KEY `venta_id` (`venta_id`),
  KEY `servicio_id` (`servicio_id`),
  KEY `producto_id` (`producto_id`),
  CONSTRAINT `detalleventa_ibfk_1` FOREIGN KEY (`venta_id`) REFERENCES `venta` (`id_venta`),
  CONSTRAINT `detalleventa_ibfk_2` FOREIGN KEY (`servicio_id`) REFERENCES `servicio` (`id_servicio`),
  CONSTRAINT `detalleventa_ibfk_3` FOREIGN KEY (`producto_id`) REFERENCES `producto` (`id_producto`)
) ENGINE=InnoDB AUTO_INCREMENT=7 DEFAULT CHARSET=utf8mb4 COLLATE=utf8mb4_general_ci;
/*!40101 SET character_set_client = @saved_cs_client */;

--
-- Dumping data for table `detalleventa`
--

LOCK TABLES `detalleventa` WRITE;
/*!40000 ALTER TABLE `detalleventa` DISABLE KEYS */;
INSERT INTO `detalleventa` VALUES (1,1,1,1,5,285000,'2024-06-01'),(5,5,5,5,2,2500,'2024-06-07');
/*!40000 ALTER TABLE `detalleventa` ENABLE KEYS */;
UNLOCK TABLES;

--
-- Table structure for table `devoluciones`
--

DROP TABLE IF EXISTS `devoluciones`;
/*!40101 SET @saved_cs_client     = @@character_set_client */;
/*!50503 SET character_set_client = utf8mb4 */;
CREATE TABLE `devoluciones` (
  `id_devolucion` int(11) NOT NULL AUTO_INCREMENT,
  `compra_id` int(11) NOT NULL,
  `fecha` date NOT NULL,
  `estado` tinyint(1) DEFAULT NULL,
  `razon` varchar(100) NOT NULL,
  `cantidad` int(11) DEFAULT 0,
  PRIMARY KEY (`id_devolucion`),
  KEY `compra_id` (`compra_id`),
  CONSTRAINT `devoluciones_ibfk_1` FOREIGN KEY (`compra_id`) REFERENCES `compra` (`id_compra`)
) ENGINE=InnoDB AUTO_INCREMENT=7 DEFAULT CHARSET=utf8mb4 COLLATE=utf8mb4_general_ci;
/*!40101 SET character_set_client = @saved_cs_client */;

--
-- Dumping data for table `devoluciones`
--

LOCK TABLES `devoluciones` WRITE;
/*!40000 ALTER TABLE `devoluciones` DISABLE KEYS */;
INSERT INTO `devoluciones` VALUES (1,1,'2024-05-06',1,'Producto dañado - embalaje roto',0),(2,2,'2025-05-08',1,'Error en el modelo de aceite',0),(5,5,'2024-05-15',1,'Defecto',0),(6,6,'2024-05-17',1,'Defecto de fábrica',0);
/*!40000 ALTER TABLE `devoluciones` ENABLE KEYS */;
UNLOCK TABLES;
/*!50003 SET @saved_cs_client      = @@character_set_client */ ;
/*!50003 SET @saved_cs_results     = @@character_set_results */ ;
/*!50003 SET @saved_col_connection = @@collation_connection */ ;
/*!50003 SET character_set_client  = utf8mb4 */ ;
/*!50003 SET character_set_results = utf8mb4 */ ;
/*!50003 SET collation_connection  = utf8mb4_general_ci */ ;
/*!50003 SET @saved_sql_mode       = @@sql_mode */ ;
/*!50003 SET sql_mode              = 'NO_ZERO_IN_DATE,NO_ZERO_DATE,NO_ENGINE_SUBSTITUTION' */ ;
DELIMITER ;;
/*!50003 CREATE*/ /*!50017 DEFINER=`root`@`localhost`*/ /*!50003 TRIGGER trg_devolucion_insert
AFTER INSERT ON devoluciones
FOR EACH ROW
INSERT INTO Historial (tabla, operacion, registro_id, old_data, new_data)
VALUES (
    'devoluciones',
    'INSERT',
    NEW.id_devolucion,
    NULL,
    JSON_OBJECT(
        'compra_id', NEW.compra_id,
        'fecha', NEW.fecha,
        'estado', NEW.estado,
        'razon', NEW.razon,
        'cantidad', NEW.cantidad
    )
) */;;
DELIMITER ;
/*!50003 SET sql_mode              = @saved_sql_mode */ ;
/*!50003 SET character_set_client  = @saved_cs_client */ ;
/*!50003 SET character_set_results = @saved_cs_results */ ;
/*!50003 SET collation_connection  = @saved_col_connection */ ;
/*!50003 SET @saved_cs_client      = @@character_set_client */ ;
/*!50003 SET @saved_cs_results     = @@character_set_results */ ;
/*!50003 SET @saved_col_connection = @@collation_connection */ ;
/*!50003 SET character_set_client  = utf8mb4 */ ;
/*!50003 SET character_set_results = utf8mb4 */ ;
/*!50003 SET collation_connection  = utf8mb4_general_ci */ ;
/*!50003 SET @saved_sql_mode       = @@sql_mode */ ;
/*!50003 SET sql_mode              = 'NO_ZERO_IN_DATE,NO_ZERO_DATE,NO_ENGINE_SUBSTITUTION' */ ;
DELIMITER ;;
/*!50003 CREATE*/ /*!50017 DEFINER=`root`@`localhost`*/ /*!50003 TRIGGER trg_devolucion_update
AFTER UPDATE ON devoluciones
FOR EACH ROW
INSERT INTO Historial (tabla, operacion, registro_id, old_data, new_data)
VALUES (
    'devoluciones',
    'UPDATE',
    NEW.id_devolucion,
    JSON_OBJECT(
        'compra_id', OLD.compra_id,
        'fecha', OLD.fecha,
        'estado', OLD.estado,
        'razon', OLD.razon,
        'cantidad', OLD.cantidad
    ),
    JSON_OBJECT(
        'compra_id', NEW.compra_id,
        'fecha', NEW.fecha,
        'estado', NEW.estado,
        'razon', NEW.razon,
        'cantidad', NEW.cantidad
    )
) */;;
DELIMITER ;
/*!50003 SET sql_mode              = @saved_sql_mode */ ;
/*!50003 SET character_set_client  = @saved_cs_client */ ;
/*!50003 SET character_set_results = @saved_cs_results */ ;
/*!50003 SET collation_connection  = @saved_col_connection */ ;
/*!50003 SET @saved_cs_client      = @@character_set_client */ ;
/*!50003 SET @saved_cs_results     = @@character_set_results */ ;
/*!50003 SET @saved_col_connection = @@collation_connection */ ;
/*!50003 SET character_set_client  = utf8mb4 */ ;
/*!50003 SET character_set_results = utf8mb4 */ ;
/*!50003 SET collation_connection  = utf8mb4_general_ci */ ;
/*!50003 SET @saved_sql_mode       = @@sql_mode */ ;
/*!50003 SET sql_mode              = 'NO_ZERO_IN_DATE,NO_ZERO_DATE,NO_ENGINE_SUBSTITUTION' */ ;
DELIMITER ;;
/*!50003 CREATE*/ /*!50017 DEFINER=`root`@`localhost`*/ /*!50003 TRIGGER trg_devolucion_delete
AFTER DELETE ON devoluciones
FOR EACH ROW
INSERT INTO Historial (tabla, operacion, registro_id, old_data, new_data)
VALUES (
    'devoluciones',
    'DELETE',
    OLD.id_devolucion,
    JSON_OBJECT(
        'compra_id', OLD.compra_id,
        'fecha', OLD.fecha,
        'estado', OLD.estado,
        'razon', OLD.razon,
        'cantidad', OLD.cantidad
    ),
    NULL
) */;;
DELIMITER ;
/*!50003 SET sql_mode              = @saved_sql_mode */ ;
/*!50003 SET character_set_client  = @saved_cs_client */ ;
/*!50003 SET character_set_results = @saved_cs_results */ ;
/*!50003 SET collation_connection  = @saved_col_connection */ ;

--
-- Table structure for table `domicilio`
--

DROP TABLE IF EXISTS `domicilio`;
/*!40101 SET @saved_cs_client     = @@character_set_client */;
/*!50503 SET character_set_client = utf8mb4 */;
CREATE TABLE `domicilio` (
  `id_domicilio` int(11) NOT NULL AUTO_INCREMENT,
  `cliente_id` int(11) NOT NULL,
  `servicio_id` int(11) NOT NULL,
  `fecha` date DEFAULT NULL,
  `monto` decimal(10,2) DEFAULT NULL,
  `usuario_id` int(11) NOT NULL,
  PRIMARY KEY (`id_domicilio`),
  KEY `cliente_id` (`cliente_id`),
  KEY `servicio_id` (`servicio_id`),
  KEY `usuario_id` (`usuario_id`),
  CONSTRAINT `domicilio_ibfk_1` FOREIGN KEY (`cliente_id`) REFERENCES `cliente` (`id_cliente`),
  CONSTRAINT `domicilio_ibfk_2` FOREIGN KEY (`servicio_id`) REFERENCES `servicio` (`id_servicio`),
  CONSTRAINT `domicilio_ibfk_3` FOREIGN KEY (`usuario_id`) REFERENCES `usuario` (`id_usuario`)
) ENGINE=InnoDB AUTO_INCREMENT=6 DEFAULT CHARSET=utf8mb4 COLLATE=utf8mb4_general_ci;
/*!40101 SET character_set_client = @saved_cs_client */;

--
-- Dumping data for table `domicilio`
--

LOCK TABLES `domicilio` WRITE;
/*!40000 ALTER TABLE `domicilio` DISABLE KEYS */;
INSERT INTO `domicilio` VALUES (1,5,5,'2024-06-05',62000.00,5),(3,4,4,'2024-06-09',58000.00,5),(4,1,1,'2024-06-11',70000.00,5);
/*!40000 ALTER TABLE `domicilio` ENABLE KEYS */;
UNLOCK TABLES;

--
-- Table structure for table `historial`
--

DROP TABLE IF EXISTS `historial`;
/*!40101 SET @saved_cs_client     = @@character_set_client */;
/*!50503 SET character_set_client = utf8mb4 */;
CREATE TABLE `historial` (
  `id_historial` int(11) NOT NULL AUTO_INCREMENT,
  `tabla` varchar(50) DEFAULT NULL,
  `operacion` varchar(20) DEFAULT NULL,
  `registro_id` int(11) DEFAULT NULL,
  `old_data` longtext CHARACTER SET utf8mb4 COLLATE utf8mb4_bin DEFAULT NULL CHECK (json_valid(`old_data`)),
  `new_data` longtext CHARACTER SET utf8mb4 COLLATE utf8mb4_bin DEFAULT NULL CHECK (json_valid(`new_data`)),
  `fecha` datetime DEFAULT current_timestamp(),
  PRIMARY KEY (`id_historial`)
) ENGINE=InnoDB AUTO_INCREMENT=10 DEFAULT CHARSET=utf8mb4 COLLATE=utf8mb4_general_ci;
/*!40101 SET character_set_client = @saved_cs_client */;

--
-- Dumping data for table `historial`
--

LOCK TABLES `historial` WRITE;
/*!40000 ALTER TABLE `historial` DISABLE KEYS */;
INSERT INTO `historial` VALUES (1,'venta','INSERT',16,NULL,'{\"cliente_id\": 1, \"cantidad\": 1, \"descripcion\": \"Aceite mineral premium para motores a gasolina\", \"fecha_venta\": \"2025-11-21\", \"encargado_id\": 1, \"monto\": 37000.00, \"garantias\": 12}','2025-11-21 14:58:57'),(2,'producto','UPDATE',2,'{\"nombre\": \"Aceite Motor CASTROL GTX 20W-50\", \"descripcion\": \"Aceite mineral premium para motores a gasolina\", \"cantidad\": 150, \"categoria_id\": 2, \"precio\": 37000, \"updated_at\": \"2025-11-21 13:52:48\"}','{\"nombre\": \"Aceite Motor CASTROL GTX 20W-50\", \"descripcion\": \"Aceite mineral premium para motores a gasolina\", \"cantidad\": 149, \"categoria_id\": 2, \"precio\": 37000, \"updated_at\": \"2025-11-21 14:58:57\"}','2025-11-21 14:58:57'),(3,'usuario','INSERT',6,NULL,'{\"nombre\": \"Juan Camilo\", \"apellido\": \"Guerrero Sierra\", \"celular\": 3103143180, \"correo\": \"sierra9camilo9@gmail.com\", \"usuario\": \"JuanCamilo\", \"rol_id\": 3}','2025-11-21 16:11:53'),(4,'usuario','INSERT',8,NULL,'{\"nombre\": \"admin\", \"apellido\": \"Guerrero Sierra\", \"celular\": 3103143158, \"correo\": \"admin@gmail.com\", \"usuario\": \"admin\", \"rol_id\": 3}','2025-11-21 16:15:06'),(5,'usuario','UPDATE',8,'{\"nombre\": \"admin\", \"apellido\": \"Guerrero Sierra\", \"celular\": 3103143158, \"correo\": \"admin@gmail.com\", \"usuario\": \"admin\", \"rol_id\": 3}','{\"nombre\": \"admin\", \"apellido\": \"Guerrero Sierra\", \"celular\": 3103143158, \"correo\": \"admin@gmail.com\", \"usuario\": \"admin\", \"rol_id\": 1}','2025-11-21 16:15:21'),(6,'venta','INSERT',17,NULL,'{\"cliente_id\": 2, \"cantidad\": 4, \"descripcion\": \"Aceite mineral premium para motores a gasolina\", \"fecha_venta\": \"2025-11-21\", \"encargado_id\": 3, \"monto\": 148000.00, \"garantias\": 3}','2025-11-21 16:40:49'),(7,'producto','UPDATE',2,'{\"nombre\": \"Aceite Motor CASTROL GTX 20W-50\", \"descripcion\": \"Aceite mineral premium para motores a gasolina\", \"cantidad\": 149, \"categoria_id\": 2, \"precio\": 37000, \"updated_at\": \"2025-11-21 14:58:57\"}','{\"nombre\": \"Aceite Motor CASTROL GTX 20W-50\", \"descripcion\": \"Aceite mineral premium para motores a gasolina\", \"cantidad\": 145, \"categoria_id\": 2, \"precio\": 37000, \"updated_at\": \"2025-11-21 16:40:49\"}','2025-11-21 16:40:49'),(8,'venta','INSERT',18,NULL,'{\"cliente_id\": 3, \"cantidad\": 45, \"descripcion\": \"Batería de libre mantenimiento para vehículos de alto consumo\", \"fecha_venta\": \"2025-11-21\", \"encargado_id\": 4, \"monto\": 17100000.00, \"garantias\": 4}','2025-11-21 16:44:00'),(9,'producto','UPDATE',4,'{\"nombre\": \"Bateria MAC 12V 700CCA\", \"descripcion\": \"Batería de libre mantenimiento para vehículos de alto consumo\", \"cantidad\": 25, \"categoria_id\": 4, \"precio\": 380000, \"updated_at\": \"2025-11-21 13:52:48\"}','{\"nombre\": \"Bateria MAC 12V 700CCA\", \"descripcion\": \"Batería de libre mantenimiento para vehículos de alto consumo\", \"cantidad\": -20, \"categoria_id\": 4, \"precio\": 380000, \"updated_at\": \"2025-11-21 16:44:00\"}','2025-11-21 16:44:00');
/*!40000 ALTER TABLE `historial` ENABLE KEYS */;
UNLOCK TABLES;

--
-- Table structure for table `inventarioherramientas`
--

DROP TABLE IF EXISTS `inventarioherramientas`;
/*!40101 SET @saved_cs_client     = @@character_set_client */;
/*!50503 SET character_set_client = utf8mb4 */;
CREATE TABLE `inventarioherramientas` (
  `id_herr` int(11) NOT NULL AUTO_INCREMENT,
  `nombre` varchar(100) DEFAULT NULL,
  `descripcion` text DEFAULT NULL,
  `cantidad` int(11) DEFAULT NULL,
  `estado` varchar(50) DEFAULT NULL,
  `usuario_id` int(11) NOT NULL,
  `cantidad_faltante` int(11) DEFAULT 0,
  PRIMARY KEY (`id_herr`),
  KEY `usuario_id` (`usuario_id`),
  CONSTRAINT `inventarioherramientas_ibfk_1` FOREIGN KEY (`usuario_id`) REFERENCES `usuario` (`id_usuario`)
) ENGINE=InnoDB AUTO_INCREMENT=6 DEFAULT CHARSET=utf8mb4 COLLATE=utf8mb4_general_ci;
/*!40101 SET character_set_client = @saved_cs_client */;

--
-- Dumping data for table `inventarioherramientas`
--

LOCK TABLES `inventarioherramientas` WRITE;
/*!40000 ALTER TABLE `inventarioherramientas` DISABLE KEYS */;
INSERT INTO `inventarioherramientas` VALUES (4,'Pistola Neumática de Impacto','Llave de impacto para aflojar tuercas de rueda',3,'Operativa',5,0);
/*!40000 ALTER TABLE `inventarioherramientas` ENABLE KEYS */;
UNLOCK TABLES;

--
-- Table structure for table `inventarioproductos`
--

DROP TABLE IF EXISTS `inventarioproductos`;
/*!40101 SET @saved_cs_client     = @@character_set_client */;
/*!50503 SET character_set_client = utf8mb4 */;
CREATE TABLE `inventarioproductos` (
  `id_inve_produ` int(11) NOT NULL AUTO_INCREMENT,
  `producto_id` int(11) NOT NULL,
  `cantidad` int(11) NOT NULL,
  `categoria_id` int(11) NOT NULL,
  `rol_id` int(11) DEFAULT NULL,
  PRIMARY KEY (`id_inve_produ`),
  KEY `producto_id` (`producto_id`),
  KEY `categoria_id` (`categoria_id`),
  KEY `rol_id` (`rol_id`),
  CONSTRAINT `inventarioproductos_ibfk_1` FOREIGN KEY (`producto_id`) REFERENCES `producto` (`id_producto`),
  CONSTRAINT `inventarioproductos_ibfk_2` FOREIGN KEY (`categoria_id`) REFERENCES `categoriaproductos` (`id_categoria`),
  CONSTRAINT `inventarioproductos_ibfk_3` FOREIGN KEY (`rol_id`) REFERENCES `rol` (`id_rol`)
) ENGINE=InnoDB AUTO_INCREMENT=7 DEFAULT CHARSET=utf8mb4 COLLATE=utf8mb4_general_ci;
/*!40101 SET character_set_client = @saved_cs_client */;

--
-- Dumping data for table `inventarioproductos`
--

LOCK TABLES `inventarioproductos` WRITE;
/*!40000 ALTER TABLE `inventarioproductos` DISABLE KEYS */;
INSERT INTO `inventarioproductos` VALUES (1,1,80,1,1),(2,2,140,2,3),(3,3,38,3,3),(6,6,55,2,3);
/*!40000 ALTER TABLE `inventarioproductos` ENABLE KEYS */;
UNLOCK TABLES;

--
-- Table structure for table `mantenimiento`
--

DROP TABLE IF EXISTS `mantenimiento`;
/*!40101 SET @saved_cs_client     = @@character_set_client */;
/*!50503 SET character_set_client = utf8mb4 */;
CREATE TABLE `mantenimiento` (
  `id_mantenimiento` int(11) NOT NULL AUTO_INCREMENT,
  `descripcion` text NOT NULL,
  `fecha` date NOT NULL,
  `personal` varchar(80) NOT NULL,
  `maquina_id` int(11) NOT NULL,
  `usuario_id` int(11) DEFAULT NULL,
  `costo` decimal(10,2) DEFAULT NULL,
  PRIMARY KEY (`id_mantenimiento`),
  KEY `maquina_id` (`maquina_id`),
  KEY `usuario_id` (`usuario_id`),
  CONSTRAINT `mantenimiento_ibfk_1` FOREIGN KEY (`maquina_id`) REFERENCES `maquinaria` (`id_maquina`),
  CONSTRAINT `mantenimiento_ibfk_2` FOREIGN KEY (`usuario_id`) REFERENCES `usuario` (`id_usuario`)
) ENGINE=InnoDB AUTO_INCREMENT=6 DEFAULT CHARSET=utf8mb4 COLLATE=utf8mb4_general_ci;
/*!40101 SET character_set_client = @saved_cs_client */;

--
-- Dumping data for table `mantenimiento`
--

LOCK TABLES `mantenimiento` WRITE;
/*!40000 ALTER TABLE `mantenimiento` DISABLE KEYS */;
INSERT INTO `mantenimiento` VALUES (1,'Calibración trimestral de balanceadora','2024-04-20','Servicio Técnico Autorizado',1,1,260000.00),(2,'Revisión de sistema hidráulico desmontadora','2024-05-10','Sofia R',2,2,80000.00),(4,'Ajuste de sensores y lubricación alineador 3D','2024-05-25','Servicio Externo John Bean',4,1,300000.00);
/*!40000 ALTER TABLE `mantenimiento` ENABLE KEYS */;
UNLOCK TABLES;

--
-- Table structure for table `maquinaria`
--

DROP TABLE IF EXISTS `maquinaria`;
/*!40101 SET @saved_cs_client     = @@character_set_client */;
/*!50503 SET character_set_client = utf8mb4 */;
CREATE TABLE `maquinaria` (
  `id_maquina` int(11) NOT NULL AUTO_INCREMENT,
  `nombre` varchar(30) NOT NULL,
  `descripcion` text NOT NULL,
  `estado` varchar(50) NOT NULL,
  PRIMARY KEY (`id_maquina`)
) ENGINE=InnoDB AUTO_INCREMENT=6 DEFAULT CHARSET=utf8mb4 COLLATE=utf8mb4_general_ci;
/*!40101 SET character_set_client = @saved_cs_client */;

--
-- Dumping data for table `maquinaria`
--

LOCK TABLES `maquinaria` WRITE;
/*!40000 ALTER TABLE `maquinaria` DISABLE KEYS */;
INSERT INTO `maquinaria` VALUES (1,'Balanceadora Corghi E.T.S.','Máquina profesional para balanceo con calibración digital','Operativa'),(2,'Desmontadora Automática Hunter','Equipo para montar y desmontar neumáticos Run‑Flat y perfil bajo','Operativa'),(3,'Compresor de Tornillo Kaeser','Compresor industrial de aire comprimido para taller','Operativa'),(4,'Alineador 3D John Bean','Sistema de alineación tridimensional de última tecnología','Operativa'),(5,'Elevador de Tijera Ravaglioli','Elevador hidráulico de tijera para trabajos rápidos y eficientes','Operativa');
/*!40000 ALTER TABLE `maquinaria` ENABLE KEYS */;
UNLOCK TABLES;

--
-- Temporary view structure for view `pedido_detalle`
--

DROP TABLE IF EXISTS `pedido_detalle`;
/*!50001 DROP VIEW IF EXISTS `pedido_detalle`*/;
SET @saved_cs_client     = @@character_set_client;
/*!50503 SET character_set_client = utf8mb4 */;
/*!50001 CREATE VIEW `pedido_detalle` AS SELECT 
 1 AS `id_compra`,
 1 AS `proveedor_id`,
 1 AS `proveedor_nombre`,
 1 AS `producto_id`,
 1 AS `producto_nombre`,
 1 AS `descripcion`,
 1 AS `cantidad`,
 1 AS `precio_unitario`,
 1 AS `monto`,
 1 AS `fecha_pedido`,
 1 AS `fecha_entrega`,
 1 AS `estado`*/;
SET character_set_client = @saved_cs_client;

--
-- Temporary view structure for view `pedidos`
--

DROP TABLE IF EXISTS `pedidos`;
/*!50001 DROP VIEW IF EXISTS `pedidos`*/;
SET @saved_cs_client     = @@character_set_client;
/*!50503 SET character_set_client = utf8mb4 */;
/*!50001 CREATE VIEW `pedidos` AS SELECT 
 1 AS `id_compra`,
 1 AS `proveedor_id`,
 1 AS `fecha_pedido`,
 1 AS `fecha_entrega`,
 1 AS `total`,
 1 AS `estado`*/;
SET character_set_client = @saved_cs_client;

--
-- Table structure for table `plantillacomprobante`
--

DROP TABLE IF EXISTS `plantillacomprobante`;
/*!40101 SET @saved_cs_client     = @@character_set_client */;
/*!50503 SET character_set_client = utf8mb4 */;
CREATE TABLE `plantillacomprobante` (
  `id_plantilla` int(11) NOT NULL AUTO_INCREMENT,
  `tipo_comprobante` enum('Orden de Servicio','Recibo de Pago','Comprobante de Devolución') NOT NULL,
  `nombre_plantilla` varchar(100) NOT NULL,
  `contenido_html` text DEFAULT NULL,
  `veces_usada` int(11) DEFAULT 0,
  `fecha_modificacion` datetime DEFAULT NULL,
  PRIMARY KEY (`id_plantilla`)
) ENGINE=InnoDB DEFAULT CHARSET=utf8mb4 COLLATE=utf8mb4_general_ci;
/*!40101 SET character_set_client = @saved_cs_client */;

--
-- Dumping data for table `plantillacomprobante`
--

LOCK TABLES `plantillacomprobante` WRITE;
/*!40000 ALTER TABLE `plantillacomprobante` DISABLE KEYS */;
/*!40000 ALTER TABLE `plantillacomprobante` ENABLE KEYS */;
UNLOCK TABLES;

--
-- Table structure for table `producto`
--

DROP TABLE IF EXISTS `producto`;
/*!40101 SET @saved_cs_client     = @@character_set_client */;
/*!50503 SET character_set_client = utf8mb4 */;
CREATE TABLE `producto` (
  `id_producto` int(11) NOT NULL AUTO_INCREMENT,
  `nombre` varchar(100) NOT NULL,
  `descripcion` text DEFAULT NULL,
  `cantidad` int(11) NOT NULL,
  `categoria_id` int(11) NOT NULL,
  `precio` float NOT NULL,
  `updated_at` timestamp NOT NULL DEFAULT current_timestamp() ON UPDATE current_timestamp(),
  PRIMARY KEY (`id_producto`),
  KEY `categoria_id` (`categoria_id`),
  CONSTRAINT `producto_ibfk_1` FOREIGN KEY (`categoria_id`) REFERENCES `categoriaproductos` (`id_categoria`)
) ENGINE=InnoDB AUTO_INCREMENT=7 DEFAULT CHARSET=utf8mb4 COLLATE=utf8mb4_general_ci;
/*!40101 SET character_set_client = @saved_cs_client */;

--
-- Dumping data for table `producto`
--

LOCK TABLES `producto` WRITE;
/*!40000 ALTER TABLE `producto` DISABLE KEYS */;
INSERT INTO `producto` VALUES (1,'Llanta Pirelli P1 Cinturato 185/65R15','Llanta radial de alto rendimiento, bajo ruido',85,1,285000,'2025-11-21 18:52:48'),(2,'Aceite Motor CASTROL GTX 20W-50','Aceite mineral premium para motores a gasolina',145,2,37000,'2025-11-21 21:40:49'),(3,'Filtro de Aire K&N para SUV','Filtro de aire de alto rendimiento para SUV',40,3,120000,'2025-11-21 18:52:48'),(4,'Bateria MAC 12V 700CCA','Batería de libre mantenimiento para vehículos de alto consumo',-20,4,380000,'2025-11-21 21:44:00'),(6,'Llanta Michelin Primacy 4 205/55R16','Llanta premium para confort y durabilidad',60,1,450000,'2025-11-21 18:52:48');
/*!40000 ALTER TABLE `producto` ENABLE KEYS */;
UNLOCK TABLES;
/*!50003 SET @saved_cs_client      = @@character_set_client */ ;
/*!50003 SET @saved_cs_results     = @@character_set_results */ ;
/*!50003 SET @saved_col_connection = @@collation_connection */ ;
/*!50003 SET character_set_client  = utf8mb4 */ ;
/*!50003 SET character_set_results = utf8mb4 */ ;
/*!50003 SET collation_connection  = utf8mb4_general_ci */ ;
/*!50003 SET @saved_sql_mode       = @@sql_mode */ ;
/*!50003 SET sql_mode              = 'NO_ZERO_IN_DATE,NO_ZERO_DATE,NO_ENGINE_SUBSTITUTION' */ ;
DELIMITER ;;
/*!50003 CREATE*/ /*!50017 DEFINER=`root`@`localhost`*/ /*!50003 TRIGGER trg_producto_insert
AFTER INSERT ON producto
FOR EACH ROW
INSERT INTO Historial (tabla, operacion, registro_id, old_data, new_data)
VALUES (
    'producto',
    'INSERT',
    NEW.id_producto,
    NULL,
    JSON_OBJECT(
        'nombre', NEW.nombre,
        'descripcion', NEW.descripcion,
        'cantidad', NEW.cantidad,
        'categoria_id', NEW.categoria_id,
        'precio', NEW.precio,
        'updated_at', NEW.updated_at
    )
) */;;
DELIMITER ;
/*!50003 SET sql_mode              = @saved_sql_mode */ ;
/*!50003 SET character_set_client  = @saved_cs_client */ ;
/*!50003 SET character_set_results = @saved_cs_results */ ;
/*!50003 SET collation_connection  = @saved_col_connection */ ;
/*!50003 SET @saved_cs_client      = @@character_set_client */ ;
/*!50003 SET @saved_cs_results     = @@character_set_results */ ;
/*!50003 SET @saved_col_connection = @@collation_connection */ ;
/*!50003 SET character_set_client  = utf8mb4 */ ;
/*!50003 SET character_set_results = utf8mb4 */ ;
/*!50003 SET collation_connection  = utf8mb4_general_ci */ ;
/*!50003 SET @saved_sql_mode       = @@sql_mode */ ;
/*!50003 SET sql_mode              = 'NO_ZERO_IN_DATE,NO_ZERO_DATE,NO_ENGINE_SUBSTITUTION' */ ;
DELIMITER ;;
/*!50003 CREATE*/ /*!50017 DEFINER=`root`@`localhost`*/ /*!50003 TRIGGER trg_producto_update
AFTER UPDATE ON producto
FOR EACH ROW
INSERT INTO Historial (tabla, operacion, registro_id, old_data, new_data)
VALUES (
    'producto',
    'UPDATE',
    NEW.id_producto,
    JSON_OBJECT(
        'nombre', OLD.nombre,
        'descripcion', OLD.descripcion,
        'cantidad', OLD.cantidad,
        'categoria_id', OLD.categoria_id,
        'precio', OLD.precio,
        'updated_at', OLD.updated_at
    ),
    JSON_OBJECT(
        'nombre', NEW.nombre,
        'descripcion', NEW.descripcion,
        'cantidad', NEW.cantidad,
        'categoria_id', NEW.categoria_id,
        'precio', NEW.precio,
        'updated_at', NEW.updated_at
    )
) */;;
DELIMITER ;
/*!50003 SET sql_mode              = @saved_sql_mode */ ;
/*!50003 SET character_set_client  = @saved_cs_client */ ;
/*!50003 SET character_set_results = @saved_cs_results */ ;
/*!50003 SET collation_connection  = @saved_col_connection */ ;
/*!50003 SET @saved_cs_client      = @@character_set_client */ ;
/*!50003 SET @saved_cs_results     = @@character_set_results */ ;
/*!50003 SET @saved_col_connection = @@collation_connection */ ;
/*!50003 SET character_set_client  = utf8mb4 */ ;
/*!50003 SET character_set_results = utf8mb4 */ ;
/*!50003 SET collation_connection  = utf8mb4_general_ci */ ;
/*!50003 SET @saved_sql_mode       = @@sql_mode */ ;
/*!50003 SET sql_mode              = 'NO_ZERO_IN_DATE,NO_ZERO_DATE,NO_ENGINE_SUBSTITUTION' */ ;
DELIMITER ;;
/*!50003 CREATE*/ /*!50017 DEFINER=`root`@`localhost`*/ /*!50003 TRIGGER trg_producto_delete
AFTER DELETE ON producto
FOR EACH ROW
INSERT INTO Historial (tabla, operacion, registro_id, old_data, new_data)
VALUES (
    'producto',
    'DELETE',
    OLD.id_producto,
    JSON_OBJECT(
        'nombre', OLD.nombre,
        'descripcion', OLD.descripcion,
        'cantidad', OLD.cantidad,
        'categoria_id', OLD.categoria_id,
        'precio', OLD.precio,
        'updated_at', OLD.updated_at
    ),
    NULL
) */;;
DELIMITER ;
/*!50003 SET sql_mode              = @saved_sql_mode */ ;
/*!50003 SET character_set_client  = @saved_cs_client */ ;
/*!50003 SET character_set_results = @saved_cs_results */ ;
/*!50003 SET collation_connection  = @saved_col_connection */ ;

--
-- Temporary view structure for view `producto_categoria`
--

DROP TABLE IF EXISTS `producto_categoria`;
/*!50001 DROP VIEW IF EXISTS `producto_categoria`*/;
SET @saved_cs_client     = @@character_set_client;
/*!50503 SET character_set_client = utf8mb4 */;
/*!50001 CREATE VIEW `producto_categoria` AS SELECT 
 1 AS `producto`,
 1 AS `cantidad`,
 1 AS `categoria`*/;
SET character_set_client = @saved_cs_client;

--
-- Table structure for table `proveedor`
--

DROP TABLE IF EXISTS `proveedor`;
/*!40101 SET @saved_cs_client     = @@character_set_client */;
/*!50503 SET character_set_client = utf8mb4 */;
CREATE TABLE `proveedor` (
  `id_proveedor` int(11) NOT NULL AUTO_INCREMENT,
  `nombre` varchar(30) NOT NULL,
  `telefono` bigint(20) NOT NULL,
  `correo` varchar(80) NOT NULL,
  PRIMARY KEY (`id_proveedor`),
  UNIQUE KEY `telefono` (`telefono`),
  UNIQUE KEY `correo` (`correo`)
) ENGINE=InnoDB AUTO_INCREMENT=7 DEFAULT CHARSET=utf8mb4 COLLATE=utf8mb4_general_ci;
/*!40101 SET character_set_client = @saved_cs_client */;

--
-- Dumping data for table `proveedor`
--

LOCK TABLES `proveedor` WRITE;
/*!40000 ALTER TABLE `proveedor` DISABLE KEYS */;
INSERT INTO `proveedor` VALUES (1,'Proveeduría Total',3108765432,'distrillantas.ventas@gmail.com'),(2,'Aceites Supreme S.A.',3117654321,'nuevocorreo@ejemplo.com'),(3,'Importaciones AutoPartes',3109998888,'autodealers.col@gmail.com'),(4,'Equipos Taller Colombia',3135432109,'equipos.taller@gmail.com'),(5,'TecnoBalance S.A.S',3144321098,'tecnobalance.info@gmail.com');
/*!40000 ALTER TABLE `proveedor` ENABLE KEYS */;
UNLOCK TABLES;

--
-- Table structure for table `rol`
--

DROP TABLE IF EXISTS `rol`;
/*!40101 SET @saved_cs_client     = @@character_set_client */;
/*!50503 SET character_set_client = utf8mb4 */;
CREATE TABLE `rol` (
  `id_rol` int(11) NOT NULL AUTO_INCREMENT,
  `nombre` varchar(50) NOT NULL,
  PRIMARY KEY (`id_rol`)
) ENGINE=InnoDB AUTO_INCREMENT=6 DEFAULT CHARSET=utf8mb4 COLLATE=utf8mb4_general_ci;
/*!40101 SET character_set_client = @saved_cs_client */;

--
-- Dumping data for table `rol`
--

LOCK TABLES `rol` WRITE;
/*!40000 ALTER TABLE `rol` DISABLE KEYS */;
INSERT INTO `rol` VALUES (1,'Administrador General'),(2,'Jefe de Mecánicos'),(3,'Vendedor'),(4,'Empleado de Taller'),(5,'Tecnico de Campo');
/*!40000 ALTER TABLE `rol` ENABLE KEYS */;
UNLOCK TABLES;

--
-- Table structure for table `servicio`
--

DROP TABLE IF EXISTS `servicio`;
/*!40101 SET @saved_cs_client     = @@character_set_client */;
/*!50503 SET character_set_client = utf8mb4 */;
CREATE TABLE `servicio` (
  `id_servicio` int(11) NOT NULL AUTO_INCREMENT,
  `descripcion` text NOT NULL,
  `tipo` enum('taller','domicilio') NOT NULL,
  `fecha` date NOT NULL,
  `cliente_id` int(11) DEFAULT NULL,
  `usuario_id` int(11) DEFAULT NULL,
  PRIMARY KEY (`id_servicio`),
  KEY `cliente_id` (`cliente_id`),
  KEY `usuario_id` (`usuario_id`),
  CONSTRAINT `servicio_ibfk_1` FOREIGN KEY (`cliente_id`) REFERENCES `cliente` (`id_cliente`),
  CONSTRAINT `servicio_ibfk_2` FOREIGN KEY (`usuario_id`) REFERENCES `usuario` (`id_usuario`)
) ENGINE=InnoDB AUTO_INCREMENT=7 DEFAULT CHARSET=utf8mb4 COLLATE=utf8mb4_general_ci;
/*!40101 SET character_set_client = @saved_cs_client */;

--
-- Dumping data for table `servicio`
--

LOCK TABLES `servicio` WRITE;
/*!40000 ALTER TABLE `servicio` DISABLE KEYS */;
INSERT INTO `servicio` VALUES (1,'Cambio de 4 llantas, balanceo y alineación','taller','2024-06-01',1,2),(2,'Cambio de aceite y filtro de motor','taller','2024-06-02',2,2),(4,'Alineación de dirección y rotación de neumáticos','taller','2024-06-04',4,5),(5,'Reparación de pinchazo a domicilio (llanta delantera derecha)','domicilio','2024-06-07',5,5),(6,'Revisión de suspensión y amortiguadores','domicilio','2024-06-10',6,2);
/*!40000 ALTER TABLE `servicio` ENABLE KEYS */;
UNLOCK TABLES;
/*!50003 SET @saved_cs_client      = @@character_set_client */ ;
/*!50003 SET @saved_cs_results     = @@character_set_results */ ;
/*!50003 SET @saved_col_connection = @@collation_connection */ ;
/*!50003 SET character_set_client  = utf8mb4 */ ;
/*!50003 SET character_set_results = utf8mb4 */ ;
/*!50003 SET collation_connection  = utf8mb4_general_ci */ ;
/*!50003 SET @saved_sql_mode       = @@sql_mode */ ;
/*!50003 SET sql_mode              = 'NO_ZERO_IN_DATE,NO_ZERO_DATE,NO_ENGINE_SUBSTITUTION' */ ;
DELIMITER ;;
/*!50003 CREATE*/ /*!50017 DEFINER=`root`@`localhost`*/ /*!50003 TRIGGER trg_servicio_insert
AFTER INSERT ON servicio
FOR EACH ROW
INSERT INTO Historial (tabla, operacion, registro_id, old_data, new_data)
VALUES (
    'servicio',
    'INSERT',
    NEW.id_servicio,
    NULL,
    JSON_OBJECT(
        'descripcion', NEW.descripcion,
        'tipo', NEW.tipo,
        'fecha', NEW.fecha,
        'cliente_id', NEW.cliente_id,
        'usuario_id', NEW.usuario_id
    )
) */;;
DELIMITER ;
/*!50003 SET sql_mode              = @saved_sql_mode */ ;
/*!50003 SET character_set_client  = @saved_cs_client */ ;
/*!50003 SET character_set_results = @saved_cs_results */ ;
/*!50003 SET collation_connection  = @saved_col_connection */ ;
/*!50003 SET @saved_cs_client      = @@character_set_client */ ;
/*!50003 SET @saved_cs_results     = @@character_set_results */ ;
/*!50003 SET @saved_col_connection = @@collation_connection */ ;
/*!50003 SET character_set_client  = utf8mb4 */ ;
/*!50003 SET character_set_results = utf8mb4 */ ;
/*!50003 SET collation_connection  = utf8mb4_general_ci */ ;
/*!50003 SET @saved_sql_mode       = @@sql_mode */ ;
/*!50003 SET sql_mode              = 'NO_ZERO_IN_DATE,NO_ZERO_DATE,NO_ENGINE_SUBSTITUTION' */ ;
DELIMITER ;;
/*!50003 CREATE*/ /*!50017 DEFINER=`root`@`localhost`*/ /*!50003 TRIGGER trg_servicio_update
AFTER UPDATE ON servicio
FOR EACH ROW
INSERT INTO Historial (tabla, operacion, registro_id, old_data, new_data)
VALUES (
    'servicio',
    'UPDATE',
    NEW.id_servicio,
    JSON_OBJECT(
        'descripcion', OLD.descripcion,
        'tipo', OLD.tipo,
        'fecha', OLD.fecha,
        'cliente_id', OLD.cliente_id,
        'usuario_id', OLD.usuario_id
    ),
    JSON_OBJECT(
        'descripcion', NEW.descripcion,
        'tipo', NEW.tipo,
        'fecha', NEW.fecha,
        'cliente_id', NEW.cliente_id,
        'usuario_id', NEW.usuario_id
    )
) */;;
DELIMITER ;
/*!50003 SET sql_mode              = @saved_sql_mode */ ;
/*!50003 SET character_set_client  = @saved_cs_client */ ;
/*!50003 SET character_set_results = @saved_cs_results */ ;
/*!50003 SET collation_connection  = @saved_col_connection */ ;
/*!50003 SET @saved_cs_client      = @@character_set_client */ ;
/*!50003 SET @saved_cs_results     = @@character_set_results */ ;
/*!50003 SET @saved_col_connection = @@collation_connection */ ;
/*!50003 SET character_set_client  = utf8mb4 */ ;
/*!50003 SET character_set_results = utf8mb4 */ ;
/*!50003 SET collation_connection  = utf8mb4_general_ci */ ;
/*!50003 SET @saved_sql_mode       = @@sql_mode */ ;
/*!50003 SET sql_mode              = 'NO_ZERO_IN_DATE,NO_ZERO_DATE,NO_ENGINE_SUBSTITUTION' */ ;
DELIMITER ;;
/*!50003 CREATE*/ /*!50017 DEFINER=`root`@`localhost`*/ /*!50003 TRIGGER trg_servicio_delete
AFTER DELETE ON servicio
FOR EACH ROW
INSERT INTO Historial (tabla, operacion, registro_id, old_data, new_data)
VALUES (
    'servicio',
    'DELETE',
    OLD.id_servicio,
    JSON_OBJECT(
        'descripcion', OLD.descripcion,
        'tipo', OLD.tipo,
        'fecha', OLD.fecha,
        'cliente_id', OLD.cliente_id,
        'usuario_id', OLD.usuario_id
    ),
    NULL
) */;;
DELIMITER ;
/*!50003 SET sql_mode              = @saved_sql_mode */ ;
/*!50003 SET character_set_client  = @saved_cs_client */ ;
/*!50003 SET character_set_results = @saved_cs_results */ ;
/*!50003 SET collation_connection  = @saved_col_connection */ ;

--
-- Table structure for table `sesion_activa`
--

DROP TABLE IF EXISTS `sesion_activa`;
/*!40101 SET @saved_cs_client     = @@character_set_client */;
/*!50503 SET character_set_client = utf8mb4 */;
CREATE TABLE `sesion_activa` (
  `id_sesion` int(11) NOT NULL AUTO_INCREMENT,
  `usuario_id` int(11) NOT NULL,
  `nombre_usuario` varchar(150) DEFAULT NULL,
  `hora_inicio` datetime DEFAULT current_timestamp(),
  `ultima_actividad` datetime DEFAULT current_timestamp() ON UPDATE current_timestamp(),
  `estado` enum('activa','cerrada') DEFAULT 'activa',
  `ip` varchar(45) DEFAULT NULL,
  `user_agent` varchar(255) DEFAULT NULL,
  PRIMARY KEY (`id_sesion`),
  KEY `usuario_id` (`usuario_id`),
  CONSTRAINT `sesion_activa_ibfk_1` FOREIGN KEY (`usuario_id`) REFERENCES `usuario` (`id_usuario`)
) ENGINE=InnoDB DEFAULT CHARSET=utf8mb4 COLLATE=utf8mb4_general_ci;
/*!40101 SET character_set_client = @saved_cs_client */;

--
-- Dumping data for table `sesion_activa`
--

LOCK TABLES `sesion_activa` WRITE;
/*!40000 ALTER TABLE `sesion_activa` DISABLE KEYS */;
/*!40000 ALTER TABLE `sesion_activa` ENABLE KEYS */;
UNLOCK TABLES;

--
-- Table structure for table `usuario`
--

DROP TABLE IF EXISTS `usuario`;
/*!40101 SET @saved_cs_client     = @@character_set_client */;
/*!50503 SET character_set_client = utf8mb4 */;
CREATE TABLE `usuario` (
  `id_usuario` int(11) NOT NULL AUTO_INCREMENT,
  `nombre` varchar(50) DEFAULT NULL,
  `apellido` varchar(50) DEFAULT NULL,
  `celular` bigint(20) DEFAULT NULL,
  `correo` varchar(100) DEFAULT NULL,
  `usuario` varchar(50) DEFAULT NULL,
  `clave` varbinary(64) DEFAULT NULL,
  `rol_id` int(11) NOT NULL DEFAULT 3,
  PRIMARY KEY (`id_usuario`),
  UNIQUE KEY `celular` (`celular`),
  UNIQUE KEY `correo` (`correo`),
  UNIQUE KEY `usuario` (`usuario`),
  KEY `rol_id` (`rol_id`),
  CONSTRAINT `usuario_ibfk_1` FOREIGN KEY (`rol_id`) REFERENCES `rol` (`id_rol`)
) ENGINE=InnoDB AUTO_INCREMENT=9 DEFAULT CHARSET=utf8mb4 COLLATE=utf8mb4_general_ci;
/*!40101 SET character_set_client = @saved_cs_client */;

--
-- Dumping data for table `usuario`
--

LOCK TABLES `usuario` WRITE;
/*!40000 ALTER TABLE `usuario` DISABLE KEYS */;
INSERT INTO `usuario` VALUES (1,'Sofia','Ramirez',3009998888,'sofia.ramirez@gmail.com','sofia.ramirez',_binary '1234',2),(2,'Andres','Giraldo',3023456789,'andres.giraldo@gmail.com','andres.giraldo',_binary 'Andres1458',3),(3,'Daniela','Bacheloth',3034567890,'daniela.bacheloth@gmail.com','daniela.b',_binary 'Dbache1465',4),(4,'Felipe','Fernandez',3045678901,'felipe.fernandez@gmail.com','felipe.f',_binary 'Felipe7654',5),(5,'Luisa','Fernanda',3056789012,'luisa.factualizada@gmail.com','luisa.f',_binary 'Lulu7564',4),(6,'Juan Camilo','Guerrero Sierra',3103143180,'sierra9camilo9@gmail.com','JuanCamilo',_binary '\\r\-h\iurQ\Z\2	VJ+EF\I!N%\F\dB~j\1Rv',3),(8,'admin','Guerrero Sierra',3103143158,'admin@gmail.com','admin',_binary 'Wb/\|ʺAhT춎\'4`t\R><\\ZtX#\\8J&\\g-<',1);
/*!40000 ALTER TABLE `usuario` ENABLE KEYS */;
UNLOCK TABLES;
/*!50003 SET @saved_cs_client      = @@character_set_client */ ;
/*!50003 SET @saved_cs_results     = @@character_set_results */ ;
/*!50003 SET @saved_col_connection = @@collation_connection */ ;
/*!50003 SET character_set_client  = utf8mb4 */ ;
/*!50003 SET character_set_results = utf8mb4 */ ;
/*!50003 SET collation_connection  = utf8mb4_general_ci */ ;
/*!50003 SET @saved_sql_mode       = @@sql_mode */ ;
/*!50003 SET sql_mode              = 'NO_ZERO_IN_DATE,NO_ZERO_DATE,NO_ENGINE_SUBSTITUTION' */ ;
DELIMITER ;;
/*!50003 CREATE*/ /*!50017 DEFINER=`root`@`localhost`*/ /*!50003 TRIGGER trg_usuario_insert
AFTER INSERT ON usuario
FOR EACH ROW
INSERT INTO Historial (tabla, operacion, registro_id, old_data, new_data)
VALUES (
    'usuario',
    'INSERT',
    NEW.id_usuario,
    NULL,
    JSON_OBJECT(
        'nombre', NEW.nombre,
        'apellido', NEW.apellido,
        'celular', NEW.celular,
        'correo', NEW.correo,
        'usuario', NEW.usuario,
        'rol_id', NEW.rol_id
    )
) */;;
DELIMITER ;
/*!50003 SET sql_mode              = @saved_sql_mode */ ;
/*!50003 SET character_set_client  = @saved_cs_client */ ;
/*!50003 SET character_set_results = @saved_cs_results */ ;
/*!50003 SET collation_connection  = @saved_col_connection */ ;
/*!50003 SET @saved_cs_client      = @@character_set_client */ ;
/*!50003 SET @saved_cs_results     = @@character_set_results */ ;
/*!50003 SET @saved_col_connection = @@collation_connection */ ;
/*!50003 SET character_set_client  = utf8mb4 */ ;
/*!50003 SET character_set_results = utf8mb4 */ ;
/*!50003 SET collation_connection  = utf8mb4_general_ci */ ;
/*!50003 SET @saved_sql_mode       = @@sql_mode */ ;
/*!50003 SET sql_mode              = 'NO_ZERO_IN_DATE,NO_ZERO_DATE,NO_ENGINE_SUBSTITUTION' */ ;
DELIMITER ;;
/*!50003 CREATE*/ /*!50017 DEFINER=`root`@`localhost`*/ /*!50003 TRIGGER trg_usuario_update
AFTER UPDATE ON usuario
FOR EACH ROW
INSERT INTO Historial (tabla, operacion, registro_id, old_data, new_data)
VALUES (
    'usuario',
    'UPDATE',
    NEW.id_usuario,
    JSON_OBJECT(
        'nombre', OLD.nombre,
        'apellido', OLD.apellido,
        'celular', OLD.celular,
        'correo', OLD.correo,
        'usuario', OLD.usuario,
        'rol_id', OLD.rol_id
    ),
    JSON_OBJECT(
        'nombre', NEW.nombre,
        'apellido', NEW.apellido,
        'celular', NEW.celular,
        'correo', NEW.correo,
        'usuario', NEW.usuario,
        'rol_id', NEW.rol_id
    )
) */;;
DELIMITER ;
/*!50003 SET sql_mode              = @saved_sql_mode */ ;
/*!50003 SET character_set_client  = @saved_cs_client */ ;
/*!50003 SET character_set_results = @saved_cs_results */ ;
/*!50003 SET collation_connection  = @saved_col_connection */ ;
/*!50003 SET @saved_cs_client      = @@character_set_client */ ;
/*!50003 SET @saved_cs_results     = @@character_set_results */ ;
/*!50003 SET @saved_col_connection = @@collation_connection */ ;
/*!50003 SET character_set_client  = utf8mb4 */ ;
/*!50003 SET character_set_results = utf8mb4 */ ;
/*!50003 SET collation_connection  = utf8mb4_general_ci */ ;
/*!50003 SET @saved_sql_mode       = @@sql_mode */ ;
/*!50003 SET sql_mode              = 'NO_ZERO_IN_DATE,NO_ZERO_DATE,NO_ENGINE_SUBSTITUTION' */ ;
DELIMITER ;;
/*!50003 CREATE*/ /*!50017 DEFINER=`root`@`localhost`*/ /*!50003 TRIGGER trg_usuario_delete
AFTER DELETE ON usuario
FOR EACH ROW
INSERT INTO Historial (tabla, operacion, registro_id, old_data, new_data)
VALUES (
    'usuario',
    'DELETE',
    OLD.id_usuario,
    JSON_OBJECT(
        'nombre', OLD.nombre,
        'apellido', OLD.apellido,
        'celular', OLD.celular,
        'correo', OLD.correo,
        'usuario', OLD.usuario,
        'rol_id', OLD.rol_id
    ),
    NULL
) */;;
DELIMITER ;
/*!50003 SET sql_mode              = @saved_sql_mode */ ;
/*!50003 SET character_set_client  = @saved_cs_client */ ;
/*!50003 SET character_set_results = @saved_cs_results */ ;
/*!50003 SET collation_connection  = @saved_col_connection */ ;

--
-- Table structure for table `venta`
--

DROP TABLE IF EXISTS `venta`;
/*!40101 SET @saved_cs_client     = @@character_set_client */;
/*!50503 SET character_set_client = utf8mb4 */;
CREATE TABLE `venta` (
  `id_venta` int(11) NOT NULL AUTO_INCREMENT,
  `cliente_id` int(11) DEFAULT NULL,
  `cantidad` int(11) DEFAULT NULL,
  `descripcion` text DEFAULT NULL,
  `fecha_venta` date DEFAULT NULL,
  `encargado_id` int(11) DEFAULT NULL,
  `monto` decimal(10,2) DEFAULT NULL,
  `garantias` int(11) NOT NULL DEFAULT 0,
  PRIMARY KEY (`id_venta`),
  KEY `cliente_id` (`cliente_id`),
  KEY `encargado_id` (`encargado_id`),
  CONSTRAINT `venta_ibfk_1` FOREIGN KEY (`cliente_id`) REFERENCES `cliente` (`id_cliente`),
  CONSTRAINT `venta_ibfk_2` FOREIGN KEY (`encargado_id`) REFERENCES `usuario` (`id_usuario`)
) ENGINE=InnoDB AUTO_INCREMENT=19 DEFAULT CHARSET=utf8mb4 COLLATE=utf8mb4_general_ci;
/*!40101 SET character_set_client = @saved_cs_client */;

--
-- Dumping data for table `venta`
--

LOCK TABLES `venta` WRITE;
/*!40000 ALTER TABLE `venta` DISABLE KEYS */;
INSERT INTO `venta` VALUES (1,1,4,'Venta de 4 Llantas Pirelli P1 con montaje y balanceo.','2024-06-01',3,1250000.00,0),(2,2,1,'Venta de aceite Shell y filtro Fram actualizado','2024-06-02',3,185000.00,0),(3,3,1,'Venta e instalación de Bateria MAC 12V.','2024-06-03',3,450000.00,0),(4,4,1,'Revisión y calibración de presión de neumáticos.','2024-06-07',3,50000.00,0),(6,6,4,'Venta de 4 Llantas Michelin Primacy 4, con alineación.','2024-06-06',3,2000000.00,0),(7,NULL,NULL,NULL,'2025-11-15',NULL,150.00,0),(8,NULL,NULL,NULL,'2025-11-16',NULL,200.00,0),(9,NULL,NULL,NULL,'2025-11-17',NULL,180.00,0),(10,NULL,NULL,NULL,'2025-11-18',NULL,220.00,0),(11,NULL,NULL,NULL,'2025-11-19',NULL,170.00,0),(12,NULL,NULL,NULL,'2025-11-20',NULL,190.00,0),(13,NULL,NULL,NULL,'2025-11-21',NULL,210.00,0),(14,NULL,NULL,NULL,'2025-11-20',NULL,190.00,0),(15,NULL,NULL,NULL,'2025-11-21',NULL,210.00,0),(16,1,1,'Aceite mineral premium para motores a gasolina','2025-11-21',1,37000.00,12),(17,2,4,'Aceite mineral premium para motores a gasolina','2025-11-21',3,148000.00,3),(18,3,45,'Batería de libre mantenimiento para vehículos de alto consumo','2025-11-21',4,17100000.00,4);
/*!40000 ALTER TABLE `venta` ENABLE KEYS */;
UNLOCK TABLES;
/*!50003 SET @saved_cs_client      = @@character_set_client */ ;
/*!50003 SET @saved_cs_results     = @@character_set_results */ ;
/*!50003 SET @saved_col_connection = @@collation_connection */ ;
/*!50003 SET character_set_client  = utf8mb4 */ ;
/*!50003 SET character_set_results = utf8mb4 */ ;
/*!50003 SET collation_connection  = utf8mb4_general_ci */ ;
/*!50003 SET @saved_sql_mode       = @@sql_mode */ ;
/*!50003 SET sql_mode              = 'NO_ZERO_IN_DATE,NO_ZERO_DATE,NO_ENGINE_SUBSTITUTION' */ ;
DELIMITER ;;
/*!50003 CREATE*/ /*!50017 DEFINER=`root`@`localhost`*/ /*!50003 TRIGGER trg_venta_insert
AFTER INSERT ON venta
FOR EACH ROW
INSERT INTO Historial (tabla, operacion, registro_id, old_data, new_data)
VALUES (
    'venta',
    'INSERT',
    NEW.id_venta,
    NULL,
    JSON_OBJECT(
        'cliente_id', NEW.cliente_id,
        'cantidad', NEW.cantidad,
        'descripcion', NEW.descripcion,
        'fecha_venta', NEW.fecha_venta,
        'encargado_id', NEW.encargado_id,
        'monto', NEW.monto,
        'garantias', NEW.garantias
    )
) */;;
DELIMITER ;
/*!50003 SET sql_mode              = @saved_sql_mode */ ;
/*!50003 SET character_set_client  = @saved_cs_client */ ;
/*!50003 SET character_set_results = @saved_cs_results */ ;
/*!50003 SET collation_connection  = @saved_col_connection */ ;
/*!50003 SET @saved_cs_client      = @@character_set_client */ ;
/*!50003 SET @saved_cs_results     = @@character_set_results */ ;
/*!50003 SET @saved_col_connection = @@collation_connection */ ;
/*!50003 SET character_set_client  = utf8mb4 */ ;
/*!50003 SET character_set_results = utf8mb4 */ ;
/*!50003 SET collation_connection  = utf8mb4_general_ci */ ;
/*!50003 SET @saved_sql_mode       = @@sql_mode */ ;
/*!50003 SET sql_mode              = 'NO_ZERO_IN_DATE,NO_ZERO_DATE,NO_ENGINE_SUBSTITUTION' */ ;
DELIMITER ;;
/*!50003 CREATE*/ /*!50017 DEFINER=`root`@`localhost`*/ /*!50003 TRIGGER trg_venta_update
AFTER UPDATE ON venta
FOR EACH ROW
INSERT INTO Historial (tabla, operacion, registro_id, old_data, new_data)
VALUES (
    'venta',
    'UPDATE',
    NEW.id_venta,
    JSON_OBJECT(
        'cliente_id', OLD.cliente_id,
        'cantidad', OLD.cantidad,
        'descripcion', OLD.descripcion,
        'fecha_venta', OLD.fecha_venta,
        'encargado_id', OLD.encargado_id,
        'monto', OLD.monto,
        'garantias', OLD.garantias
    ),
    JSON_OBJECT(
        'cliente_id', NEW.cliente_id,
        'cantidad', NEW.cantidad,
        'descripcion', NEW.descripcion,
        'fecha_venta', NEW.fecha_venta,
        'encargado_id', NEW.encargado_id,
        'monto', NEW.monto,
        'garantias', NEW.garantias
    )
) */;;
DELIMITER ;
/*!50003 SET sql_mode              = @saved_sql_mode */ ;
/*!50003 SET character_set_client  = @saved_cs_client */ ;
/*!50003 SET character_set_results = @saved_cs_results */ ;
/*!50003 SET collation_connection  = @saved_col_connection */ ;
/*!50003 SET @saved_cs_client      = @@character_set_client */ ;
/*!50003 SET @saved_cs_results     = @@character_set_results */ ;
/*!50003 SET @saved_col_connection = @@collation_connection */ ;
/*!50003 SET character_set_client  = utf8mb4 */ ;
/*!50003 SET character_set_results = utf8mb4 */ ;
/*!50003 SET collation_connection  = utf8mb4_general_ci */ ;
/*!50003 SET @saved_sql_mode       = @@sql_mode */ ;
/*!50003 SET sql_mode              = 'NO_ZERO_IN_DATE,NO_ZERO_DATE,NO_ENGINE_SUBSTITUTION' */ ;
DELIMITER ;;
/*!50003 CREATE*/ /*!50017 DEFINER=`root`@`localhost`*/ /*!50003 TRIGGER trg_venta_delete
AFTER DELETE ON venta
FOR EACH ROW
INSERT INTO Historial (tabla, operacion, registro_id, old_data, new_data)
VALUES (
    'venta',
    'DELETE',
    OLD.id_venta,
    JSON_OBJECT(
        'cliente_id', OLD.cliente_id,
        'cantidad', OLD.cantidad,
        'descripcion', OLD.descripcion,
        'fecha_venta', OLD.fecha_venta,
        'encargado_id', OLD.encargado_id,
        'monto', OLD.monto,
        'garantias', OLD.garantias
    ),
    NULL
) */;;
DELIMITER ;
/*!50003 SET sql_mode              = @saved_sql_mode */ ;
/*!50003 SET character_set_client  = @saved_cs_client */ ;
/*!50003 SET character_set_results = @saved_cs_results */ ;
/*!50003 SET collation_connection  = @saved_col_connection */ ;

--
-- Temporary view structure for view `vista_domicilios`
--

DROP TABLE IF EXISTS `vista_domicilios`;
/*!50001 DROP VIEW IF EXISTS `vista_domicilios`*/;
SET @saved_cs_client     = @@character_set_client;
/*!50503 SET character_set_client = utf8mb4 */;
/*!50001 CREATE VIEW `vista_domicilios` AS SELECT 
 1 AS `id_domicilio`,
 1 AS `nombre_cliente`,
 1 AS `direccion`,
 1 AS `descripcion_servicio`,
 1 AS `fecha`,
 1 AS `monto`,
 1 AS `usuario_registro`*/;
SET character_set_client = @saved_cs_client;

--
-- Temporary view structure for view `vista_producto_mas_vendido`
--

DROP TABLE IF EXISTS `vista_producto_mas_vendido`;
/*!50001 DROP VIEW IF EXISTS `vista_producto_mas_vendido`*/;
SET @saved_cs_client     = @@character_set_client;
/*!50503 SET character_set_client = utf8mb4 */;
/*!50001 CREATE VIEW `vista_producto_mas_vendido` AS SELECT 
 1 AS `nombre`,
 1 AS `total_vendido`*/;
SET character_set_client = @saved_cs_client;

--
-- Temporary view structure for view `vista_producto_menos_vendido`
--

DROP TABLE IF EXISTS `vista_producto_menos_vendido`;
/*!50001 DROP VIEW IF EXISTS `vista_producto_menos_vendido`*/;
SET @saved_cs_client     = @@character_set_client;
/*!50503 SET character_set_client = utf8mb4 */;
/*!50001 CREATE VIEW `vista_producto_menos_vendido` AS SELECT 
 1 AS `nombre`,
 1 AS `total_vendido`*/;
SET character_set_client = @saved_cs_client;

--
-- Temporary view structure for view `vista_total_servicios_por_usuario`
--

DROP TABLE IF EXISTS `vista_total_servicios_por_usuario`;
/*!50001 DROP VIEW IF EXISTS `vista_total_servicios_por_usuario`*/;
SET @saved_cs_client     = @@character_set_client;
/*!50503 SET character_set_client = utf8mb4 */;
/*!50001 CREATE VIEW `vista_total_servicios_por_usuario` AS SELECT 
 1 AS `id_usuario`,
 1 AS `usuario`,
 1 AS `total_servicios`*/;
SET character_set_client = @saved_cs_client;

--
-- Temporary view structure for view `vista_total_vendido_productos`
--

DROP TABLE IF EXISTS `vista_total_vendido_productos`;
/*!50001 DROP VIEW IF EXISTS `vista_total_vendido_productos`*/;
SET @saved_cs_client     = @@character_set_client;
/*!50503 SET character_set_client = utf8mb4 */;
/*!50001 CREATE VIEW `vista_total_vendido_productos` AS SELECT 
 1 AS `id_producto`,
 1 AS `nombre`,
 1 AS `total_vendido`*/;
SET character_set_client = @saved_cs_client;

--
-- Temporary view structure for view `vista_usuario_mas_servicios`
--

DROP TABLE IF EXISTS `vista_usuario_mas_servicios`;
/*!50001 DROP VIEW IF EXISTS `vista_usuario_mas_servicios`*/;
SET @saved_cs_client     = @@character_set_client;
/*!50503 SET character_set_client = utf8mb4 */;
/*!50001 CREATE VIEW `vista_usuario_mas_servicios` AS SELECT 
 1 AS `usuario`,
 1 AS `total_servicios`*/;
SET character_set_client = @saved_cs_client;

--
-- Temporary view structure for view `vista_usuario_mas_ventas`
--

DROP TABLE IF EXISTS `vista_usuario_mas_ventas`;
/*!50001 DROP VIEW IF EXISTS `vista_usuario_mas_ventas`*/;
SET @saved_cs_client     = @@character_set_client;
/*!50503 SET character_set_client = utf8mb4 */;
/*!50001 CREATE VIEW `vista_usuario_mas_ventas` AS SELECT 
 1 AS `nombre_usuario`,
 1 AS `total_ventas`,
 1 AS `total_monto_vendido`*/;
SET character_set_client = @saved_cs_client;

--
-- Temporary view structure for view `vista_usuario_menos_servicios`
--

DROP TABLE IF EXISTS `vista_usuario_menos_servicios`;
/*!50001 DROP VIEW IF EXISTS `vista_usuario_menos_servicios`*/;
SET @saved_cs_client     = @@character_set_client;
/*!50503 SET character_set_client = utf8mb4 */;
/*!50001 CREATE VIEW `vista_usuario_menos_servicios` AS SELECT 
 1 AS `usuario`,
 1 AS `total_servicios`*/;
SET character_set_client = @saved_cs_client;

--
-- Temporary view structure for view `vista_usuario_menos_ventas`
--

DROP TABLE IF EXISTS `vista_usuario_menos_ventas`;
/*!50001 DROP VIEW IF EXISTS `vista_usuario_menos_ventas`*/;
SET @saved_cs_client     = @@character_set_client;
/*!50503 SET character_set_client = utf8mb4 */;
/*!50001 CREATE VIEW `vista_usuario_menos_ventas` AS SELECT 
 1 AS `nombre_usuario`,
 1 AS `total_ventas`,
 1 AS `total_monto_vendido`*/;
SET character_set_client = @saved_cs_client;

--
-- Temporary view structure for view `vista_ventas_por_usuario`
--

DROP TABLE IF EXISTS `vista_ventas_por_usuario`;
/*!50001 DROP VIEW IF EXISTS `vista_ventas_por_usuario`*/;
SET @saved_cs_client     = @@character_set_client;
/*!50503 SET character_set_client = utf8mb4 */;
/*!50001 CREATE VIEW `vista_ventas_por_usuario` AS SELECT 
 1 AS `usuario_id`,
 1 AS `nombre_usuario`,
 1 AS `total_ventas`,
 1 AS `total_monto_vendido`*/;
SET character_set_client = @saved_cs_client;

--
-- Dumping events for database 'montallantasfy1'
--

--
-- Dumping routines for database 'montallantasfy1'
--
/*!50003 DROP PROCEDURE IF EXISTS `ActualizarCategoriaProducto` */;
/*!50003 SET @saved_cs_client      = @@character_set_client */ ;
/*!50003 SET @saved_cs_results     = @@character_set_results */ ;
/*!50003 SET @saved_col_connection = @@collation_connection */ ;
/*!50003 SET character_set_client  = utf8mb4 */ ;
/*!50003 SET character_set_results = utf8mb4 */ ;
/*!50003 SET collation_connection  = utf8mb4_general_ci */ ;
/*!50003 SET @saved_sql_mode       = @@sql_mode */ ;
/*!50003 SET sql_mode              = 'NO_ZERO_IN_DATE,NO_ZERO_DATE,NO_ENGINE_SUBSTITUTION' */ ;
DELIMITER ;;
CREATE DEFINER=`root`@`localhost` PROCEDURE `ActualizarCategoriaProducto`(
    IN p_id INT, 
    IN p_nombre VARCHAR(50), 
    IN p_descripcion TEXT
)
BEGIN
    UPDATE categoriaProductos 
    SET nombre = p_nombre,
        descripcion = p_descripcion
    WHERE id_categoria = p_id;
END ;;
DELIMITER ;
/*!50003 SET sql_mode              = @saved_sql_mode */ ;
/*!50003 SET character_set_client  = @saved_cs_client */ ;
/*!50003 SET character_set_results = @saved_cs_results */ ;
/*!50003 SET collation_connection  = @saved_col_connection */ ;
/*!50003 DROP PROCEDURE IF EXISTS `ActualizarCliente` */;
/*!50003 SET @saved_cs_client      = @@character_set_client */ ;
/*!50003 SET @saved_cs_results     = @@character_set_results */ ;
/*!50003 SET @saved_col_connection = @@collation_connection */ ;
/*!50003 SET character_set_client  = utf8mb4 */ ;
/*!50003 SET character_set_results = utf8mb4 */ ;
/*!50003 SET collation_connection  = utf8mb4_general_ci */ ;
/*!50003 SET @saved_sql_mode       = @@sql_mode */ ;
/*!50003 SET sql_mode              = 'NO_ZERO_IN_DATE,NO_ZERO_DATE,NO_ENGINE_SUBSTITUTION' */ ;
DELIMITER ;;
CREATE DEFINER=`root`@`localhost` PROCEDURE `ActualizarCliente`(
    IN p_id INT,
    IN p_nombre VARCHAR(50),
    IN p_apellido VARCHAR(50),
    IN p_celular BIGINT,
    IN p_correo VARCHAR(100),
    IN p_direccion VARCHAR(100),
    IN p_placa VARCHAR(7),
    IN p_modelo VARCHAR(40)
)
BEGIN
    UPDATE Cliente 
    SET nombre = p_nombre,
        apellido = p_apellido,
        celular = p_celular,
        correo = p_correo,
        direccion = p_direccion,
        placa = p_placa,
        modelo = p_modelo
    WHERE id_cliente = p_id;
END ;;
DELIMITER ;
/*!50003 SET sql_mode              = @saved_sql_mode */ ;
/*!50003 SET character_set_client  = @saved_cs_client */ ;
/*!50003 SET character_set_results = @saved_cs_results */ ;
/*!50003 SET collation_connection  = @saved_col_connection */ ;
/*!50003 DROP PROCEDURE IF EXISTS `ActualizarDetalleVenta` */;
/*!50003 SET @saved_cs_client      = @@character_set_client */ ;
/*!50003 SET @saved_cs_results     = @@character_set_results */ ;
/*!50003 SET @saved_col_connection = @@collation_connection */ ;
/*!50003 SET character_set_client  = utf8mb4 */ ;
/*!50003 SET character_set_results = utf8mb4 */ ;
/*!50003 SET collation_connection  = utf8mb4_general_ci */ ;
/*!50003 SET @saved_sql_mode       = @@sql_mode */ ;
/*!50003 SET sql_mode              = 'NO_ZERO_IN_DATE,NO_ZERO_DATE,NO_ENGINE_SUBSTITUTION' */ ;
DELIMITER ;;
CREATE DEFINER=`root`@`localhost` PROCEDURE `ActualizarDetalleVenta`(
  IN p_id_detalle INT,
  IN p_venta_id INT,
  IN p_servicio_id INT,
  IN p_producto_id INT,
  IN p_cantidad INT,
  IN p_precio_unitario FLOAT,
  IN p_fecha DATE
)
BEGIN
  UPDATE DetalleVenta
  SET venta_id = p_venta_id,
      servicio_id = p_servicio_id,
      producto_id = p_producto_id,
      cantidad = p_cantidad,
      precio_unitario = p_precio_unitario,
      fecha = p_fecha
  WHERE id_detalle = p_id_detalle;
END ;;
DELIMITER ;
/*!50003 SET sql_mode              = @saved_sql_mode */ ;
/*!50003 SET character_set_client  = @saved_cs_client */ ;
/*!50003 SET character_set_results = @saved_cs_results */ ;
/*!50003 SET collation_connection  = @saved_col_connection */ ;
/*!50003 DROP PROCEDURE IF EXISTS `ActualizarDevolucion` */;
/*!50003 SET @saved_cs_client      = @@character_set_client */ ;
/*!50003 SET @saved_cs_results     = @@character_set_results */ ;
/*!50003 SET @saved_col_connection = @@collation_connection */ ;
/*!50003 SET character_set_client  = utf8mb4 */ ;
/*!50003 SET character_set_results = utf8mb4 */ ;
/*!50003 SET collation_connection  = utf8mb4_general_ci */ ;
/*!50003 SET @saved_sql_mode       = @@sql_mode */ ;
/*!50003 SET sql_mode              = 'NO_ZERO_IN_DATE,NO_ZERO_DATE,NO_ENGINE_SUBSTITUTION' */ ;
DELIMITER ;;
CREATE DEFINER=`root`@`localhost` PROCEDURE `ActualizarDevolucion`(
  IN p_id_devolucion INT,
  IN p_compra_id INT,
  IN p_fecha DATE,
  IN p_estado BOOLEAN,
  IN p_razon VARCHAR(100)
)
BEGIN
  UPDATE Devoluciones
  SET compra_id = p_compra_id,
      fecha = p_fecha,
      estado = p_estado,
      razon = p_razon
  WHERE id_devolucion = p_id_devolucion;
END ;;
DELIMITER ;
/*!50003 SET sql_mode              = @saved_sql_mode */ ;
/*!50003 SET character_set_client  = @saved_cs_client */ ;
/*!50003 SET character_set_results = @saved_cs_results */ ;
/*!50003 SET collation_connection  = @saved_col_connection */ ;
/*!50003 DROP PROCEDURE IF EXISTS `ActualizarDomicilio` */;
/*!50003 SET @saved_cs_client      = @@character_set_client */ ;
/*!50003 SET @saved_cs_results     = @@character_set_results */ ;
/*!50003 SET @saved_col_connection = @@collation_connection */ ;
/*!50003 SET character_set_client  = utf8mb4 */ ;
/*!50003 SET character_set_results = utf8mb4 */ ;
/*!50003 SET collation_connection  = utf8mb4_general_ci */ ;
/*!50003 SET @saved_sql_mode       = @@sql_mode */ ;
/*!50003 SET sql_mode              = 'NO_ZERO_IN_DATE,NO_ZERO_DATE,NO_ENGINE_SUBSTITUTION' */ ;
DELIMITER ;;
CREATE DEFINER=`root`@`localhost` PROCEDURE `ActualizarDomicilio`(
  IN p_id_domicilio INT,
  IN p_cliente_id INT,
  IN p_servicio_id INT,
  IN p_fecha DATE,
  IN p_monto DECIMAL(10,2),
  IN p_usuario_id INT
)
BEGIN
  UPDATE Domicilio
  SET cliente_id = p_cliente_id,
      servicio_id = p_servicio_id,
      fecha = p_fecha,
      monto = p_monto,
      usuario_id = p_usuario_id
  WHERE id_domicilio = p_id_domicilio;
END ;;
DELIMITER ;
/*!50003 SET sql_mode              = @saved_sql_mode */ ;
/*!50003 SET character_set_client  = @saved_cs_client */ ;
/*!50003 SET character_set_results = @saved_cs_results */ ;
/*!50003 SET collation_connection  = @saved_col_connection */ ;
/*!50003 DROP PROCEDURE IF EXISTS `ActualizarInventarioHerramienta` */;
/*!50003 SET @saved_cs_client      = @@character_set_client */ ;
/*!50003 SET @saved_cs_results     = @@character_set_results */ ;
/*!50003 SET @saved_col_connection = @@collation_connection */ ;
/*!50003 SET character_set_client  = utf8mb4 */ ;
/*!50003 SET character_set_results = utf8mb4 */ ;
/*!50003 SET collation_connection  = utf8mb4_general_ci */ ;
/*!50003 SET @saved_sql_mode       = @@sql_mode */ ;
/*!50003 SET sql_mode              = 'NO_ZERO_IN_DATE,NO_ZERO_DATE,NO_ENGINE_SUBSTITUTION' */ ;
DELIMITER ;;
CREATE DEFINER=`root`@`localhost` PROCEDURE `ActualizarInventarioHerramienta`(
  IN p_id_herr INT,
  IN p_nombre VARCHAR(100),
  IN p_descripcion TEXT,
  IN p_cantidad INT,
  IN p_estado VARCHAR(50),
  IN p_usuario_id INT
)
BEGIN
  UPDATE InventarioHerramientas
  SET nombre = p_nombre,
      descripcion = p_descripcion,
      cantidad = p_cantidad,
      estado = p_estado,
      usuario_id = p_usuario_id
  WHERE id_herr = p_id_herr;
END ;;
DELIMITER ;
/*!50003 SET sql_mode              = @saved_sql_mode */ ;
/*!50003 SET character_set_client  = @saved_cs_client */ ;
/*!50003 SET character_set_results = @saved_cs_results */ ;
/*!50003 SET collation_connection  = @saved_col_connection */ ;
/*!50003 DROP PROCEDURE IF EXISTS `ActualizarInventarioProducto` */;
/*!50003 SET @saved_cs_client      = @@character_set_client */ ;
/*!50003 SET @saved_cs_results     = @@character_set_results */ ;
/*!50003 SET @saved_col_connection = @@collation_connection */ ;
/*!50003 SET character_set_client  = utf8mb4 */ ;
/*!50003 SET character_set_results = utf8mb4 */ ;
/*!50003 SET collation_connection  = utf8mb4_general_ci */ ;
/*!50003 SET @saved_sql_mode       = @@sql_mode */ ;
/*!50003 SET sql_mode              = 'NO_ZERO_IN_DATE,NO_ZERO_DATE,NO_ENGINE_SUBSTITUTION' */ ;
DELIMITER ;;
CREATE DEFINER=`root`@`localhost` PROCEDURE `ActualizarInventarioProducto`(
    IN p_id_inve_produ INT,IN p_producto_id INT,
    IN p_cantidad INT,IN p_categoria_id INT,IN p_rol_id INT
)
BEGIN
    UPDATE InventarioProductos
    SET producto_id=p_producto_id,cantidad=p_cantidad,
        categoria_id=p_categoria_id,rol_id=p_rol_id
    WHERE id_inve_produ=p_id_inve_produ;
END ;;
DELIMITER ;
/*!50003 SET sql_mode              = @saved_sql_mode */ ;
/*!50003 SET character_set_client  = @saved_cs_client */ ;
/*!50003 SET character_set_results = @saved_cs_results */ ;
/*!50003 SET collation_connection  = @saved_col_connection */ ;
/*!50003 DROP PROCEDURE IF EXISTS `ActualizarItemPedido` */;
/*!50003 SET @saved_cs_client      = @@character_set_client */ ;
/*!50003 SET @saved_cs_results     = @@character_set_results */ ;
/*!50003 SET @saved_col_connection = @@collation_connection */ ;
/*!50003 SET character_set_client  = utf8mb4 */ ;
/*!50003 SET character_set_results = utf8mb4 */ ;
/*!50003 SET collation_connection  = utf8mb4_general_ci */ ;
/*!50003 SET @saved_sql_mode       = @@sql_mode */ ;
/*!50003 SET sql_mode              = 'NO_ZERO_IN_DATE,NO_ZERO_DATE,NO_ENGINE_SUBSTITUTION' */ ;
DELIMITER ;;
CREATE DEFINER=`root`@`localhost` PROCEDURE `ActualizarItemPedido`(
  IN p_id_compra INT,
  IN p_producto_id INT,
  IN p_cantidad INT,
  IN p_precio_unitario DECIMAL(10,2)
)
BEGIN
  IF p_cantidad <= 0 THEN
    SIGNAL SQLSTATE '45000' SET MESSAGE_TEXT = 'La cantidad debe ser mayor que 0';
  END IF;

  UPDATE Compra
  SET cantidad = p_cantidad,
      precio_unitario = p_precio_unitario
  WHERE id_compra = p_id_compra AND producto_id = p_producto_id;
END ;;
DELIMITER ;
/*!50003 SET sql_mode              = @saved_sql_mode */ ;
/*!50003 SET character_set_client  = @saved_cs_client */ ;
/*!50003 SET character_set_results = @saved_cs_results */ ;
/*!50003 SET collation_connection  = @saved_col_connection */ ;
/*!50003 DROP PROCEDURE IF EXISTS `ActualizarMantenimiento` */;
/*!50003 SET @saved_cs_client      = @@character_set_client */ ;
/*!50003 SET @saved_cs_results     = @@character_set_results */ ;
/*!50003 SET @saved_col_connection = @@collation_connection */ ;
/*!50003 SET character_set_client  = utf8mb4 */ ;
/*!50003 SET character_set_results = utf8mb4 */ ;
/*!50003 SET collation_connection  = utf8mb4_general_ci */ ;
/*!50003 SET @saved_sql_mode       = @@sql_mode */ ;
/*!50003 SET sql_mode              = 'NO_ZERO_IN_DATE,NO_ZERO_DATE,NO_ENGINE_SUBSTITUTION' */ ;
DELIMITER ;;
CREATE DEFINER=`root`@`localhost` PROCEDURE `ActualizarMantenimiento`(
  IN p_id_mantenimiento INT,
  IN p_descripcion TEXT,
  IN p_fecha DATE,
  IN p_personal VARCHAR(80),
  IN p_maquina_id INT,
  IN p_usuario_id INT,
  IN p_costo DECIMAL(10,2)
)
BEGIN
  UPDATE Mantenimiento
  SET descripcion = p_descripcion,
      fecha = p_fecha,
      personal = p_personal,
      maquina_id = p_maquina_id,
      usuario_id = p_usuario_id,
      costo = p_costo
  WHERE id_mantenimiento = p_id_mantenimiento;
END ;;
DELIMITER ;
/*!50003 SET sql_mode              = @saved_sql_mode */ ;
/*!50003 SET character_set_client  = @saved_cs_client */ ;
/*!50003 SET character_set_results = @saved_cs_results */ ;
/*!50003 SET collation_connection  = @saved_col_connection */ ;
/*!50003 DROP PROCEDURE IF EXISTS `ActualizarMaquinaria` */;
/*!50003 SET @saved_cs_client      = @@character_set_client */ ;
/*!50003 SET @saved_cs_results     = @@character_set_results */ ;
/*!50003 SET @saved_col_connection = @@collation_connection */ ;
/*!50003 SET character_set_client  = utf8mb4 */ ;
/*!50003 SET character_set_results = utf8mb4 */ ;
/*!50003 SET collation_connection  = utf8mb4_general_ci */ ;
/*!50003 SET @saved_sql_mode       = @@sql_mode */ ;
/*!50003 SET sql_mode              = 'NO_ZERO_IN_DATE,NO_ZERO_DATE,NO_ENGINE_SUBSTITUTION' */ ;
DELIMITER ;;
CREATE DEFINER=`root`@`localhost` PROCEDURE `ActualizarMaquinaria`(
  IN p_id_maquina INT,
  IN p_nombre VARCHAR(30),
  IN p_descripcion TEXT,
  IN p_estado VARCHAR(50)
)
BEGIN
  UPDATE Maquinaria
  SET nombre = p_nombre,
      descripcion = p_descripcion,
      estado = p_estado
  WHERE id_maquina = p_id_maquina;
END ;;
DELIMITER ;
/*!50003 SET sql_mode              = @saved_sql_mode */ ;
/*!50003 SET character_set_client  = @saved_cs_client */ ;
/*!50003 SET character_set_results = @saved_cs_results */ ;
/*!50003 SET collation_connection  = @saved_col_connection */ ;
/*!50003 DROP PROCEDURE IF EXISTS `ActualizarPedido` */;
/*!50003 SET @saved_cs_client      = @@character_set_client */ ;
/*!50003 SET @saved_cs_results     = @@character_set_results */ ;
/*!50003 SET @saved_col_connection = @@collation_connection */ ;
/*!50003 SET character_set_client  = utf8mb4 */ ;
/*!50003 SET character_set_results = utf8mb4 */ ;
/*!50003 SET collation_connection  = utf8mb4_general_ci */ ;
/*!50003 SET @saved_sql_mode       = @@sql_mode */ ;
/*!50003 SET sql_mode              = 'NO_ZERO_IN_DATE,NO_ZERO_DATE,NO_ENGINE_SUBSTITUTION' */ ;
DELIMITER ;;
CREATE DEFINER=`root`@`localhost` PROCEDURE `ActualizarPedido`(
  IN p_id_compra INT,
  IN p_fecha_entrega DATE,
  IN p_estado ENUM('Pendiente','En proceso','Recibido','Cancelado')
)
BEGIN
  UPDATE Compra
  SET fecha_entrega = p_fecha_entrega,
      estado = p_estado
  WHERE id_compra = p_id_compra;
END ;;
DELIMITER ;
/*!50003 SET sql_mode              = @saved_sql_mode */ ;
/*!50003 SET character_set_client  = @saved_cs_client */ ;
/*!50003 SET character_set_results = @saved_cs_results */ ;
/*!50003 SET collation_connection  = @saved_col_connection */ ;
/*!50003 DROP PROCEDURE IF EXISTS `ActualizarProducto` */;
/*!50003 SET @saved_cs_client      = @@character_set_client */ ;
/*!50003 SET @saved_cs_results     = @@character_set_results */ ;
/*!50003 SET @saved_col_connection = @@collation_connection */ ;
/*!50003 SET character_set_client  = utf8mb4 */ ;
/*!50003 SET character_set_results = utf8mb4 */ ;
/*!50003 SET collation_connection  = utf8mb4_general_ci */ ;
/*!50003 SET @saved_sql_mode       = @@sql_mode */ ;
/*!50003 SET sql_mode              = 'NO_ZERO_IN_DATE,NO_ZERO_DATE,NO_ENGINE_SUBSTITUTION' */ ;
DELIMITER ;;
CREATE DEFINER=`root`@`localhost` PROCEDURE `ActualizarProducto`(
    IN p_id INT,
    IN p_nombre VARCHAR(100),
    IN p_descripcion TEXT,
    IN p_cantidad INT,
    IN p_categoria_id INT,
    IN p_precio FLOAT
)
BEGIN
    UPDATE Producto 
    SET nombre = p_nombre,
        descripcion = p_descripcion,
        cantidad = p_cantidad,
        categoria_id = p_categoria_id,
        precio = p_precio
    WHERE id_producto = p_id;
END ;;
DELIMITER ;
/*!50003 SET sql_mode              = @saved_sql_mode */ ;
/*!50003 SET character_set_client  = @saved_cs_client */ ;
/*!50003 SET character_set_results = @saved_cs_results */ ;
/*!50003 SET collation_connection  = @saved_col_connection */ ;
/*!50003 DROP PROCEDURE IF EXISTS `ActualizarProveedor` */;
/*!50003 SET @saved_cs_client      = @@character_set_client */ ;
/*!50003 SET @saved_cs_results     = @@character_set_results */ ;
/*!50003 SET @saved_col_connection = @@collation_connection */ ;
/*!50003 SET character_set_client  = utf8mb4 */ ;
/*!50003 SET character_set_results = utf8mb4 */ ;
/*!50003 SET collation_connection  = utf8mb4_general_ci */ ;
/*!50003 SET @saved_sql_mode       = @@sql_mode */ ;
/*!50003 SET sql_mode              = 'NO_ZERO_IN_DATE,NO_ZERO_DATE,NO_ENGINE_SUBSTITUTION' */ ;
DELIMITER ;;
CREATE DEFINER=`root`@`localhost` PROCEDURE `ActualizarProveedor`(
    IN p_id INT,
    IN p_nombre VARCHAR(30),
    IN p_telefono BIGINT,
    IN p_correo VARCHAR(80)
)
BEGIN
    UPDATE Proveedor 
    SET nombre = p_nombre, telefono = p_telefono, correo = p_correo 
    WHERE id_proveedor = p_id;
END ;;
DELIMITER ;
/*!50003 SET sql_mode              = @saved_sql_mode */ ;
/*!50003 SET character_set_client  = @saved_cs_client */ ;
/*!50003 SET character_set_results = @saved_cs_results */ ;
/*!50003 SET collation_connection  = @saved_col_connection */ ;
/*!50003 DROP PROCEDURE IF EXISTS `ActualizarServicio` */;
/*!50003 SET @saved_cs_client      = @@character_set_client */ ;
/*!50003 SET @saved_cs_results     = @@character_set_results */ ;
/*!50003 SET @saved_col_connection = @@collation_connection */ ;
/*!50003 SET character_set_client  = utf8mb4 */ ;
/*!50003 SET character_set_results = utf8mb4 */ ;
/*!50003 SET collation_connection  = utf8mb4_general_ci */ ;
/*!50003 SET @saved_sql_mode       = @@sql_mode */ ;
/*!50003 SET sql_mode              = 'NO_ZERO_IN_DATE,NO_ZERO_DATE,NO_ENGINE_SUBSTITUTION' */ ;
DELIMITER ;;
CREATE DEFINER=`root`@`localhost` PROCEDURE `ActualizarServicio`(
  IN p_id INT,
  IN p_descripcion TEXT,
  IN p_tipo ENUM('taller','domicilio'),
  IN p_fecha DATE,
  IN p_cliente_id INT,
  IN p_usuario_id INT
)
BEGIN
  UPDATE Servicio
  SET descripcion = p_descripcion,
      tipo = p_tipo,
      fecha = p_fecha,
      cliente_id = p_cliente_id,
      usuario_id = p_usuario_id
  WHERE id_servicio = p_id;
END ;;
DELIMITER ;
/*!50003 SET sql_mode              = @saved_sql_mode */ ;
/*!50003 SET character_set_client  = @saved_cs_client */ ;
/*!50003 SET character_set_results = @saved_cs_results */ ;
/*!50003 SET collation_connection  = @saved_col_connection */ ;
/*!50003 DROP PROCEDURE IF EXISTS `ActualizarUsuario` */;
/*!50003 SET @saved_cs_client      = @@character_set_client */ ;
/*!50003 SET @saved_cs_results     = @@character_set_results */ ;
/*!50003 SET @saved_col_connection = @@collation_connection */ ;
/*!50003 SET character_set_client  = utf8mb4 */ ;
/*!50003 SET character_set_results = utf8mb4 */ ;
/*!50003 SET collation_connection  = utf8mb4_general_ci */ ;
/*!50003 SET @saved_sql_mode       = @@sql_mode */ ;
/*!50003 SET sql_mode              = 'NO_ZERO_IN_DATE,NO_ZERO_DATE,NO_ENGINE_SUBSTITUTION' */ ;
DELIMITER ;;
CREATE DEFINER=`root`@`localhost` PROCEDURE `ActualizarUsuario`(
    IN p_id INT,
    IN p_nombre VARCHAR(50),
    IN p_apellido VARCHAR(50),
    IN p_celular BIGINT,
    IN p_correo VARCHAR(100),
    IN p_usuario VARCHAR(50),
    IN p_clave VARCHAR(100),
    IN p_rol_id INT
)
BEGIN
    UPDATE Usuario 
    SET nombre = p_nombre,
        apellido = p_apellido,
        celular = p_celular,
        correo = p_correo,
        usuario = p_usuario,
        clave = p_clave,
        rol_id = p_rol_id
    WHERE id_usuario = p_id;
END ;;
DELIMITER ;
/*!50003 SET sql_mode              = @saved_sql_mode */ ;
/*!50003 SET character_set_client  = @saved_cs_client */ ;
/*!50003 SET character_set_results = @saved_cs_results */ ;
/*!50003 SET collation_connection  = @saved_col_connection */ ;
/*!50003 DROP PROCEDURE IF EXISTS `ActualizarVenta` */;
/*!50003 SET @saved_cs_client      = @@character_set_client */ ;
/*!50003 SET @saved_cs_results     = @@character_set_results */ ;
/*!50003 SET @saved_col_connection = @@collation_connection */ ;
/*!50003 SET character_set_client  = utf8mb4 */ ;
/*!50003 SET character_set_results = utf8mb4 */ ;
/*!50003 SET collation_connection  = utf8mb4_general_ci */ ;
/*!50003 SET @saved_sql_mode       = @@sql_mode */ ;
/*!50003 SET sql_mode              = 'NO_ZERO_IN_DATE,NO_ZERO_DATE,NO_ENGINE_SUBSTITUTION' */ ;
DELIMITER ;;
CREATE DEFINER=`root`@`localhost` PROCEDURE `ActualizarVenta`(
  IN p_id INT,
  IN p_cliente_id INT,
  IN p_cantidad INT,
  IN p_descripcion TEXT,
  IN p_fecha_venta DATE,
  IN p_encargado_id INT,
  IN p_monto DECIMAL(10,2)
)
BEGIN
  UPDATE Venta
  SET cliente_id = p_cliente_id,
      cantidad = p_cantidad,
      descripcion = p_descripcion,
      fecha_venta = p_fecha_venta,
      encargado_id = p_encargado_id,
      monto = p_monto
  WHERE id_venta = p_id;
END ;;
DELIMITER ;
/*!50003 SET sql_mode              = @saved_sql_mode */ ;
/*!50003 SET character_set_client  = @saved_cs_client */ ;
/*!50003 SET character_set_results = @saved_cs_results */ ;
/*!50003 SET collation_connection  = @saved_col_connection */ ;
/*!50003 DROP PROCEDURE IF EXISTS `actualizar_compra` */;
/*!50003 SET @saved_cs_client      = @@character_set_client */ ;
/*!50003 SET @saved_cs_results     = @@character_set_results */ ;
/*!50003 SET @saved_col_connection = @@collation_connection */ ;
/*!50003 SET character_set_client  = utf8mb4 */ ;
/*!50003 SET character_set_results = utf8mb4 */ ;
/*!50003 SET collation_connection  = utf8mb4_general_ci */ ;
/*!50003 SET @saved_sql_mode       = @@sql_mode */ ;
/*!50003 SET sql_mode              = 'NO_ZERO_IN_DATE,NO_ZERO_DATE,NO_ENGINE_SUBSTITUTION' */ ;
DELIMITER ;;
CREATE DEFINER=`root`@`localhost` PROCEDURE `actualizar_compra`(IN p_id_compra INT, IN p_nueva_cantidad INT)
BEGIN
    UPDATE Compra SET cantidad = p_nueva_cantidad WHERE id_compra = p_id_compra;
END ;;
DELIMITER ;
/*!50003 SET sql_mode              = @saved_sql_mode */ ;
/*!50003 SET character_set_client  = @saved_cs_client */ ;
/*!50003 SET character_set_results = @saved_cs_results */ ;
/*!50003 SET collation_connection  = @saved_col_connection */ ;
/*!50003 DROP PROCEDURE IF EXISTS `actualizar_rol` */;
/*!50003 SET @saved_cs_client      = @@character_set_client */ ;
/*!50003 SET @saved_cs_results     = @@character_set_results */ ;
/*!50003 SET @saved_col_connection = @@collation_connection */ ;
/*!50003 SET character_set_client  = utf8mb4 */ ;
/*!50003 SET character_set_results = utf8mb4 */ ;
/*!50003 SET collation_connection  = utf8mb4_general_ci */ ;
/*!50003 SET @saved_sql_mode       = @@sql_mode */ ;
/*!50003 SET sql_mode              = 'NO_ZERO_IN_DATE,NO_ZERO_DATE,NO_ENGINE_SUBSTITUTION' */ ;
DELIMITER ;;
CREATE DEFINER=`root`@`localhost` PROCEDURE `actualizar_rol`(IN p_id_rol INT, IN p_nombre_new VARCHAR(50))
BEGIN
    UPDATE Rol SET nombre = p_nombre_new WHERE id_rol = p_id_rol;
END ;;
DELIMITER ;
/*!50003 SET sql_mode              = @saved_sql_mode */ ;
/*!50003 SET character_set_client  = @saved_cs_client */ ;
/*!50003 SET character_set_results = @saved_cs_results */ ;
/*!50003 SET collation_connection  = @saved_col_connection */ ;
/*!50003 DROP PROCEDURE IF EXISTS `ConsultarCategoriaProductoPorId` */;
/*!50003 SET @saved_cs_client      = @@character_set_client */ ;
/*!50003 SET @saved_cs_results     = @@character_set_results */ ;
/*!50003 SET @saved_col_connection = @@collation_connection */ ;
/*!50003 SET character_set_client  = utf8mb4 */ ;
/*!50003 SET character_set_results = utf8mb4 */ ;
/*!50003 SET collation_connection  = utf8mb4_general_ci */ ;
/*!50003 SET @saved_sql_mode       = @@sql_mode */ ;
/*!50003 SET sql_mode              = 'NO_ZERO_IN_DATE,NO_ZERO_DATE,NO_ENGINE_SUBSTITUTION' */ ;
DELIMITER ;;
CREATE DEFINER=`root`@`localhost` PROCEDURE `ConsultarCategoriaProductoPorId`(IN p_id INT)
BEGIN
    SELECT * FROM categoriaProductos WHERE id_categoria = p_id;
END ;;
DELIMITER ;
/*!50003 SET sql_mode              = @saved_sql_mode */ ;
/*!50003 SET character_set_client  = @saved_cs_client */ ;
/*!50003 SET character_set_results = @saved_cs_results */ ;
/*!50003 SET collation_connection  = @saved_col_connection */ ;
/*!50003 DROP PROCEDURE IF EXISTS `ConsultarClientePorId` */;
/*!50003 SET @saved_cs_client      = @@character_set_client */ ;
/*!50003 SET @saved_cs_results     = @@character_set_results */ ;
/*!50003 SET @saved_col_connection = @@collation_connection */ ;
/*!50003 SET character_set_client  = utf8mb4 */ ;
/*!50003 SET character_set_results = utf8mb4 */ ;
/*!50003 SET collation_connection  = utf8mb4_general_ci */ ;
/*!50003 SET @saved_sql_mode       = @@sql_mode */ ;
/*!50003 SET sql_mode              = 'NO_ZERO_IN_DATE,NO_ZERO_DATE,NO_ENGINE_SUBSTITUTION' */ ;
DELIMITER ;;
CREATE DEFINER=`root`@`localhost` PROCEDURE `ConsultarClientePorId`(IN p_id INT)
BEGIN
    SELECT * FROM Cliente WHERE id_cliente = p_id;
END ;;
DELIMITER ;
/*!50003 SET sql_mode              = @saved_sql_mode */ ;
/*!50003 SET character_set_client  = @saved_cs_client */ ;
/*!50003 SET character_set_results = @saved_cs_results */ ;
/*!50003 SET collation_connection  = @saved_col_connection */ ;
/*!50003 DROP PROCEDURE IF EXISTS `ConsultarDetalleVentaPorVenta` */;
/*!50003 SET @saved_cs_client      = @@character_set_client */ ;
/*!50003 SET @saved_cs_results     = @@character_set_results */ ;
/*!50003 SET @saved_col_connection = @@collation_connection */ ;
/*!50003 SET character_set_client  = utf8mb4 */ ;
/*!50003 SET character_set_results = utf8mb4 */ ;
/*!50003 SET collation_connection  = utf8mb4_general_ci */ ;
/*!50003 SET @saved_sql_mode       = @@sql_mode */ ;
/*!50003 SET sql_mode              = 'NO_ZERO_IN_DATE,NO_ZERO_DATE,NO_ENGINE_SUBSTITUTION' */ ;
DELIMITER ;;
CREATE DEFINER=`root`@`localhost` PROCEDURE `ConsultarDetalleVentaPorVenta`(IN p_venta_id INT)
BEGIN
  SELECT * FROM DetalleVenta WHERE venta_id = p_venta_id;
END ;;
DELIMITER ;
/*!50003 SET sql_mode              = @saved_sql_mode */ ;
/*!50003 SET character_set_client  = @saved_cs_client */ ;
/*!50003 SET character_set_results = @saved_cs_results */ ;
/*!50003 SET collation_connection  = @saved_col_connection */ ;
/*!50003 DROP PROCEDURE IF EXISTS `ConsultarDevoluciones` */;
/*!50003 SET @saved_cs_client      = @@character_set_client */ ;
/*!50003 SET @saved_cs_results     = @@character_set_results */ ;
/*!50003 SET @saved_col_connection = @@collation_connection */ ;
/*!50003 SET character_set_client  = utf8mb4 */ ;
/*!50003 SET character_set_results = utf8mb4 */ ;
/*!50003 SET collation_connection  = utf8mb4_general_ci */ ;
/*!50003 SET @saved_sql_mode       = @@sql_mode */ ;
/*!50003 SET sql_mode              = 'NO_ZERO_IN_DATE,NO_ZERO_DATE,NO_ENGINE_SUBSTITUTION' */ ;
DELIMITER ;;
CREATE DEFINER=`root`@`localhost` PROCEDURE `ConsultarDevoluciones`()
BEGIN
  SELECT * FROM Devoluciones;
END ;;
DELIMITER ;
/*!50003 SET sql_mode              = @saved_sql_mode */ ;
/*!50003 SET character_set_client  = @saved_cs_client */ ;
/*!50003 SET character_set_results = @saved_cs_results */ ;
/*!50003 SET collation_connection  = @saved_col_connection */ ;
/*!50003 DROP PROCEDURE IF EXISTS `ConsultarDevolucionPorId` */;
/*!50003 SET @saved_cs_client      = @@character_set_client */ ;
/*!50003 SET @saved_cs_results     = @@character_set_results */ ;
/*!50003 SET @saved_col_connection = @@collation_connection */ ;
/*!50003 SET character_set_client  = utf8mb4 */ ;
/*!50003 SET character_set_results = utf8mb4 */ ;
/*!50003 SET collation_connection  = utf8mb4_general_ci */ ;
/*!50003 SET @saved_sql_mode       = @@sql_mode */ ;
/*!50003 SET sql_mode              = 'NO_ZERO_IN_DATE,NO_ZERO_DATE,NO_ENGINE_SUBSTITUTION' */ ;
DELIMITER ;;
CREATE DEFINER=`root`@`localhost` PROCEDURE `ConsultarDevolucionPorId`(IN p_id_devolucion INT)
BEGIN
  SELECT * FROM Devoluciones WHERE id_devolucion = p_id_devolucion;
END ;;
DELIMITER ;
/*!50003 SET sql_mode              = @saved_sql_mode */ ;
/*!50003 SET character_set_client  = @saved_cs_client */ ;
/*!50003 SET character_set_results = @saved_cs_results */ ;
/*!50003 SET collation_connection  = @saved_col_connection */ ;
/*!50003 DROP PROCEDURE IF EXISTS `ConsultarDomicilioPorId` */;
/*!50003 SET @saved_cs_client      = @@character_set_client */ ;
/*!50003 SET @saved_cs_results     = @@character_set_results */ ;
/*!50003 SET @saved_col_connection = @@collation_connection */ ;
/*!50003 SET character_set_client  = utf8mb4 */ ;
/*!50003 SET character_set_results = utf8mb4 */ ;
/*!50003 SET collation_connection  = utf8mb4_general_ci */ ;
/*!50003 SET @saved_sql_mode       = @@sql_mode */ ;
/*!50003 SET sql_mode              = 'NO_ZERO_IN_DATE,NO_ZERO_DATE,NO_ENGINE_SUBSTITUTION' */ ;
DELIMITER ;;
CREATE DEFINER=`root`@`localhost` PROCEDURE `ConsultarDomicilioPorId`(IN p_id_domicilio INT)
BEGIN
  SELECT * FROM Domicilio WHERE id_domicilio = p_id_domicilio;
END ;;
DELIMITER ;
/*!50003 SET sql_mode              = @saved_sql_mode */ ;
/*!50003 SET character_set_client  = @saved_cs_client */ ;
/*!50003 SET character_set_results = @saved_cs_results */ ;
/*!50003 SET collation_connection  = @saved_col_connection */ ;
/*!50003 DROP PROCEDURE IF EXISTS `ConsultarInventarioHerramienta` */;
/*!50003 SET @saved_cs_client      = @@character_set_client */ ;
/*!50003 SET @saved_cs_results     = @@character_set_results */ ;
/*!50003 SET @saved_col_connection = @@collation_connection */ ;
/*!50003 SET character_set_client  = utf8mb4 */ ;
/*!50003 SET character_set_results = utf8mb4 */ ;
/*!50003 SET collation_connection  = utf8mb4_general_ci */ ;
/*!50003 SET @saved_sql_mode       = @@sql_mode */ ;
/*!50003 SET sql_mode              = 'NO_ZERO_IN_DATE,NO_ZERO_DATE,NO_ENGINE_SUBSTITUTION' */ ;
DELIMITER ;;
CREATE DEFINER=`root`@`localhost` PROCEDURE `ConsultarInventarioHerramienta`()
BEGIN
  SELECT * FROM InventarioHerramientas;
END ;;
DELIMITER ;
/*!50003 SET sql_mode              = @saved_sql_mode */ ;
/*!50003 SET character_set_client  = @saved_cs_client */ ;
/*!50003 SET character_set_results = @saved_cs_results */ ;
/*!50003 SET collation_connection  = @saved_col_connection */ ;
/*!50003 DROP PROCEDURE IF EXISTS `ConsultarInventarioHerramientaPorId` */;
/*!50003 SET @saved_cs_client      = @@character_set_client */ ;
/*!50003 SET @saved_cs_results     = @@character_set_results */ ;
/*!50003 SET @saved_col_connection = @@collation_connection */ ;
/*!50003 SET character_set_client  = utf8mb4 */ ;
/*!50003 SET character_set_results = utf8mb4 */ ;
/*!50003 SET collation_connection  = utf8mb4_general_ci */ ;
/*!50003 SET @saved_sql_mode       = @@sql_mode */ ;
/*!50003 SET sql_mode              = 'NO_ZERO_IN_DATE,NO_ZERO_DATE,NO_ENGINE_SUBSTITUTION' */ ;
DELIMITER ;;
CREATE DEFINER=`root`@`localhost` PROCEDURE `ConsultarInventarioHerramientaPorId`(IN p_id_herr INT)
BEGIN
  SELECT * FROM InventarioHerramientas WHERE id_herr = p_id_herr;
END ;;
DELIMITER ;
/*!50003 SET sql_mode              = @saved_sql_mode */ ;
/*!50003 SET character_set_client  = @saved_cs_client */ ;
/*!50003 SET character_set_results = @saved_cs_results */ ;
/*!50003 SET collation_connection  = @saved_col_connection */ ;
/*!50003 DROP PROCEDURE IF EXISTS `ConsultarInventarioProductoPorId` */;
/*!50003 SET @saved_cs_client      = @@character_set_client */ ;
/*!50003 SET @saved_cs_results     = @@character_set_results */ ;
/*!50003 SET @saved_col_connection = @@collation_connection */ ;
/*!50003 SET character_set_client  = utf8mb4 */ ;
/*!50003 SET character_set_results = utf8mb4 */ ;
/*!50003 SET collation_connection  = utf8mb4_general_ci */ ;
/*!50003 SET @saved_sql_mode       = @@sql_mode */ ;
/*!50003 SET sql_mode              = 'NO_ZERO_IN_DATE,NO_ZERO_DATE,NO_ENGINE_SUBSTITUTION' */ ;
DELIMITER ;;
CREATE DEFINER=`root`@`localhost` PROCEDURE `ConsultarInventarioProductoPorId`(IN p_id_inve_produ INT)
BEGIN
    SELECT * FROM InventarioProductos WHERE id_inve_produ=p_id_inve_produ;
END ;;
DELIMITER ;
/*!50003 SET sql_mode              = @saved_sql_mode */ ;
/*!50003 SET character_set_client  = @saved_cs_client */ ;
/*!50003 SET character_set_results = @saved_cs_results */ ;
/*!50003 SET collation_connection  = @saved_col_connection */ ;
/*!50003 DROP PROCEDURE IF EXISTS `ConsultarMantenimientoPorId` */;
/*!50003 SET @saved_cs_client      = @@character_set_client */ ;
/*!50003 SET @saved_cs_results     = @@character_set_results */ ;
/*!50003 SET @saved_col_connection = @@collation_connection */ ;
/*!50003 SET character_set_client  = utf8mb4 */ ;
/*!50003 SET character_set_results = utf8mb4 */ ;
/*!50003 SET collation_connection  = utf8mb4_general_ci */ ;
/*!50003 SET @saved_sql_mode       = @@sql_mode */ ;
/*!50003 SET sql_mode              = 'NO_ZERO_IN_DATE,NO_ZERO_DATE,NO_ENGINE_SUBSTITUTION' */ ;
DELIMITER ;;
CREATE DEFINER=`root`@`localhost` PROCEDURE `ConsultarMantenimientoPorId`(IN p_id_mantenimiento INT)
BEGIN
  SELECT * FROM Mantenimiento WHERE id_mantenimiento = p_id_mantenimiento;
END ;;
DELIMITER ;
/*!50003 SET sql_mode              = @saved_sql_mode */ ;
/*!50003 SET character_set_client  = @saved_cs_client */ ;
/*!50003 SET character_set_results = @saved_cs_results */ ;
/*!50003 SET collation_connection  = @saved_col_connection */ ;
/*!50003 DROP PROCEDURE IF EXISTS `ConsultarMaquinariaPorId` */;
/*!50003 SET @saved_cs_client      = @@character_set_client */ ;
/*!50003 SET @saved_cs_results     = @@character_set_results */ ;
/*!50003 SET @saved_col_connection = @@collation_connection */ ;
/*!50003 SET character_set_client  = utf8mb4 */ ;
/*!50003 SET character_set_results = utf8mb4 */ ;
/*!50003 SET collation_connection  = utf8mb4_general_ci */ ;
/*!50003 SET @saved_sql_mode       = @@sql_mode */ ;
/*!50003 SET sql_mode              = 'NO_ZERO_IN_DATE,NO_ZERO_DATE,NO_ENGINE_SUBSTITUTION' */ ;
DELIMITER ;;
CREATE DEFINER=`root`@`localhost` PROCEDURE `ConsultarMaquinariaPorId`(IN p_id_maquina INT)
BEGIN
  SELECT * FROM Maquinaria WHERE id_maquina = p_id_maquina;
END ;;
DELIMITER ;
/*!50003 SET sql_mode              = @saved_sql_mode */ ;
/*!50003 SET character_set_client  = @saved_cs_client */ ;
/*!50003 SET character_set_results = @saved_cs_results */ ;
/*!50003 SET collation_connection  = @saved_col_connection */ ;
/*!50003 DROP PROCEDURE IF EXISTS `ConsultarProductoPorId` */;
/*!50003 SET @saved_cs_client      = @@character_set_client */ ;
/*!50003 SET @saved_cs_results     = @@character_set_results */ ;
/*!50003 SET @saved_col_connection = @@collation_connection */ ;
/*!50003 SET character_set_client  = utf8mb4 */ ;
/*!50003 SET character_set_results = utf8mb4 */ ;
/*!50003 SET collation_connection  = utf8mb4_general_ci */ ;
/*!50003 SET @saved_sql_mode       = @@sql_mode */ ;
/*!50003 SET sql_mode              = 'NO_ZERO_IN_DATE,NO_ZERO_DATE,NO_ENGINE_SUBSTITUTION' */ ;
DELIMITER ;;
CREATE DEFINER=`root`@`localhost` PROCEDURE `ConsultarProductoPorId`(IN p_id INT)
BEGIN
    SELECT * FROM Producto WHERE id_producto = p_id;
END ;;
DELIMITER ;
/*!50003 SET sql_mode              = @saved_sql_mode */ ;
/*!50003 SET character_set_client  = @saved_cs_client */ ;
/*!50003 SET character_set_results = @saved_cs_results */ ;
/*!50003 SET collation_connection  = @saved_col_connection */ ;
/*!50003 DROP PROCEDURE IF EXISTS `ConsultarProveedorPorId` */;
/*!50003 SET @saved_cs_client      = @@character_set_client */ ;
/*!50003 SET @saved_cs_results     = @@character_set_results */ ;
/*!50003 SET @saved_col_connection = @@collation_connection */ ;
/*!50003 SET character_set_client  = utf8mb4 */ ;
/*!50003 SET character_set_results = utf8mb4 */ ;
/*!50003 SET collation_connection  = utf8mb4_general_ci */ ;
/*!50003 SET @saved_sql_mode       = @@sql_mode */ ;
/*!50003 SET sql_mode              = 'NO_ZERO_IN_DATE,NO_ZERO_DATE,NO_ENGINE_SUBSTITUTION' */ ;
DELIMITER ;;
CREATE DEFINER=`root`@`localhost` PROCEDURE `ConsultarProveedorPorId`(IN p_id INT)
BEGIN
    SELECT id_proveedor, nombre, telefono, correo FROM Proveedor WHERE id_proveedor = p_id;
END ;;
DELIMITER ;
/*!50003 SET sql_mode              = @saved_sql_mode */ ;
/*!50003 SET character_set_client  = @saved_cs_client */ ;
/*!50003 SET character_set_results = @saved_cs_results */ ;
/*!50003 SET collation_connection  = @saved_col_connection */ ;
/*!50003 DROP PROCEDURE IF EXISTS `ConsultarServicioPorId` */;
/*!50003 SET @saved_cs_client      = @@character_set_client */ ;
/*!50003 SET @saved_cs_results     = @@character_set_results */ ;
/*!50003 SET @saved_col_connection = @@collation_connection */ ;
/*!50003 SET character_set_client  = utf8mb4 */ ;
/*!50003 SET character_set_results = utf8mb4 */ ;
/*!50003 SET collation_connection  = utf8mb4_general_ci */ ;
/*!50003 SET @saved_sql_mode       = @@sql_mode */ ;
/*!50003 SET sql_mode              = 'NO_ZERO_IN_DATE,NO_ZERO_DATE,NO_ENGINE_SUBSTITUTION' */ ;
DELIMITER ;;
CREATE DEFINER=`root`@`localhost` PROCEDURE `ConsultarServicioPorId`(IN p_id INT)
BEGIN
  SELECT * FROM Servicio WHERE id_servicio = p_id;
END ;;
DELIMITER ;
/*!50003 SET sql_mode              = @saved_sql_mode */ ;
/*!50003 SET character_set_client  = @saved_cs_client */ ;
/*!50003 SET character_set_results = @saved_cs_results */ ;
/*!50003 SET collation_connection  = @saved_col_connection */ ;
/*!50003 DROP PROCEDURE IF EXISTS `ConsultarTodasLasCategoriasProductos` */;
/*!50003 SET @saved_cs_client      = @@character_set_client */ ;
/*!50003 SET @saved_cs_results     = @@character_set_results */ ;
/*!50003 SET @saved_col_connection = @@collation_connection */ ;
/*!50003 SET character_set_client  = utf8mb4 */ ;
/*!50003 SET character_set_results = utf8mb4 */ ;
/*!50003 SET collation_connection  = utf8mb4_general_ci */ ;
/*!50003 SET @saved_sql_mode       = @@sql_mode */ ;
/*!50003 SET sql_mode              = 'NO_ZERO_IN_DATE,NO_ZERO_DATE,NO_ENGINE_SUBSTITUTION' */ ;
DELIMITER ;;
CREATE DEFINER=`root`@`localhost` PROCEDURE `ConsultarTodasLasCategoriasProductos`()
BEGIN
    SELECT * FROM categoriaProductos;
END ;;
DELIMITER ;
/*!50003 SET sql_mode              = @saved_sql_mode */ ;
/*!50003 SET character_set_client  = @saved_cs_client */ ;
/*!50003 SET character_set_results = @saved_cs_results */ ;
/*!50003 SET collation_connection  = @saved_col_connection */ ;
/*!50003 DROP PROCEDURE IF EXISTS `ConsultarTodasLasMaquinarias` */;
/*!50003 SET @saved_cs_client      = @@character_set_client */ ;
/*!50003 SET @saved_cs_results     = @@character_set_results */ ;
/*!50003 SET @saved_col_connection = @@collation_connection */ ;
/*!50003 SET character_set_client  = utf8mb4 */ ;
/*!50003 SET character_set_results = utf8mb4 */ ;
/*!50003 SET collation_connection  = utf8mb4_general_ci */ ;
/*!50003 SET @saved_sql_mode       = @@sql_mode */ ;
/*!50003 SET sql_mode              = 'NO_ZERO_IN_DATE,NO_ZERO_DATE,NO_ENGINE_SUBSTITUTION' */ ;
DELIMITER ;;
CREATE DEFINER=`root`@`localhost` PROCEDURE `ConsultarTodasLasMaquinarias`()
BEGIN
  SELECT * FROM Maquinaria;
END ;;
DELIMITER ;
/*!50003 SET sql_mode              = @saved_sql_mode */ ;
/*!50003 SET character_set_client  = @saved_cs_client */ ;
/*!50003 SET character_set_results = @saved_cs_results */ ;
/*!50003 SET collation_connection  = @saved_col_connection */ ;
/*!50003 DROP PROCEDURE IF EXISTS `ConsultarTodasLasVentas` */;
/*!50003 SET @saved_cs_client      = @@character_set_client */ ;
/*!50003 SET @saved_cs_results     = @@character_set_results */ ;
/*!50003 SET @saved_col_connection = @@collation_connection */ ;
/*!50003 SET character_set_client  = utf8mb4 */ ;
/*!50003 SET character_set_results = utf8mb4 */ ;
/*!50003 SET collation_connection  = utf8mb4_general_ci */ ;
/*!50003 SET @saved_sql_mode       = @@sql_mode */ ;
/*!50003 SET sql_mode              = 'NO_ZERO_IN_DATE,NO_ZERO_DATE,NO_ENGINE_SUBSTITUTION' */ ;
DELIMITER ;;
CREATE DEFINER=`root`@`localhost` PROCEDURE `ConsultarTodasLasVentas`()
BEGIN
  SELECT * FROM Venta;
END ;;
DELIMITER ;
/*!50003 SET sql_mode              = @saved_sql_mode */ ;
/*!50003 SET character_set_client  = @saved_cs_client */ ;
/*!50003 SET character_set_results = @saved_cs_results */ ;
/*!50003 SET collation_connection  = @saved_col_connection */ ;
/*!50003 DROP PROCEDURE IF EXISTS `ConsultarTodoInventarioProductos` */;
/*!50003 SET @saved_cs_client      = @@character_set_client */ ;
/*!50003 SET @saved_cs_results     = @@character_set_results */ ;
/*!50003 SET @saved_col_connection = @@collation_connection */ ;
/*!50003 SET character_set_client  = utf8mb4 */ ;
/*!50003 SET character_set_results = utf8mb4 */ ;
/*!50003 SET collation_connection  = utf8mb4_general_ci */ ;
/*!50003 SET @saved_sql_mode       = @@sql_mode */ ;
/*!50003 SET sql_mode              = 'NO_ZERO_IN_DATE,NO_ZERO_DATE,NO_ENGINE_SUBSTITUTION' */ ;
DELIMITER ;;
CREATE DEFINER=`root`@`localhost` PROCEDURE `ConsultarTodoInventarioProductos`()
BEGIN
    SELECT * FROM InventarioProductos;
END ;;
DELIMITER ;
/*!50003 SET sql_mode              = @saved_sql_mode */ ;
/*!50003 SET character_set_client  = @saved_cs_client */ ;
/*!50003 SET character_set_results = @saved_cs_results */ ;
/*!50003 SET collation_connection  = @saved_col_connection */ ;
/*!50003 DROP PROCEDURE IF EXISTS `ConsultarTodosLosClientes` */;
/*!50003 SET @saved_cs_client      = @@character_set_client */ ;
/*!50003 SET @saved_cs_results     = @@character_set_results */ ;
/*!50003 SET @saved_col_connection = @@collation_connection */ ;
/*!50003 SET character_set_client  = utf8mb4 */ ;
/*!50003 SET character_set_results = utf8mb4 */ ;
/*!50003 SET collation_connection  = utf8mb4_general_ci */ ;
/*!50003 SET @saved_sql_mode       = @@sql_mode */ ;
/*!50003 SET sql_mode              = 'NO_ZERO_IN_DATE,NO_ZERO_DATE,NO_ENGINE_SUBSTITUTION' */ ;
DELIMITER ;;
CREATE DEFINER=`root`@`localhost` PROCEDURE `ConsultarTodosLosClientes`()
BEGIN
    SELECT * FROM Cliente;
END ;;
DELIMITER ;
/*!50003 SET sql_mode              = @saved_sql_mode */ ;
/*!50003 SET character_set_client  = @saved_cs_client */ ;
/*!50003 SET character_set_results = @saved_cs_results */ ;
/*!50003 SET collation_connection  = @saved_col_connection */ ;
/*!50003 DROP PROCEDURE IF EXISTS `ConsultarTodosLosDomicilios` */;
/*!50003 SET @saved_cs_client      = @@character_set_client */ ;
/*!50003 SET @saved_cs_results     = @@character_set_results */ ;
/*!50003 SET @saved_col_connection = @@collation_connection */ ;
/*!50003 SET character_set_client  = utf8mb4 */ ;
/*!50003 SET character_set_results = utf8mb4 */ ;
/*!50003 SET collation_connection  = utf8mb4_general_ci */ ;
/*!50003 SET @saved_sql_mode       = @@sql_mode */ ;
/*!50003 SET sql_mode              = 'NO_ZERO_IN_DATE,NO_ZERO_DATE,NO_ENGINE_SUBSTITUTION' */ ;
DELIMITER ;;
CREATE DEFINER=`root`@`localhost` PROCEDURE `ConsultarTodosLosDomicilios`()
BEGIN
  SELECT * FROM Domicilio;
END ;;
DELIMITER ;
/*!50003 SET sql_mode              = @saved_sql_mode */ ;
/*!50003 SET character_set_client  = @saved_cs_client */ ;
/*!50003 SET character_set_results = @saved_cs_results */ ;
/*!50003 SET collation_connection  = @saved_col_connection */ ;
/*!50003 DROP PROCEDURE IF EXISTS `ConsultarTodosLosMantenimientos` */;
/*!50003 SET @saved_cs_client      = @@character_set_client */ ;
/*!50003 SET @saved_cs_results     = @@character_set_results */ ;
/*!50003 SET @saved_col_connection = @@collation_connection */ ;
/*!50003 SET character_set_client  = utf8mb4 */ ;
/*!50003 SET character_set_results = utf8mb4 */ ;
/*!50003 SET collation_connection  = utf8mb4_general_ci */ ;
/*!50003 SET @saved_sql_mode       = @@sql_mode */ ;
/*!50003 SET sql_mode              = 'NO_ZERO_IN_DATE,NO_ZERO_DATE,NO_ENGINE_SUBSTITUTION' */ ;
DELIMITER ;;
CREATE DEFINER=`root`@`localhost` PROCEDURE `ConsultarTodosLosMantenimientos`()
BEGIN
  SELECT * FROM Mantenimiento;
END ;;
DELIMITER ;
/*!50003 SET sql_mode              = @saved_sql_mode */ ;
/*!50003 SET character_set_client  = @saved_cs_client */ ;
/*!50003 SET character_set_results = @saved_cs_results */ ;
/*!50003 SET collation_connection  = @saved_col_connection */ ;
/*!50003 DROP PROCEDURE IF EXISTS `ConsultarTodosLosProductos` */;
/*!50003 SET @saved_cs_client      = @@character_set_client */ ;
/*!50003 SET @saved_cs_results     = @@character_set_results */ ;
/*!50003 SET @saved_col_connection = @@collation_connection */ ;
/*!50003 SET character_set_client  = utf8mb4 */ ;
/*!50003 SET character_set_results = utf8mb4 */ ;
/*!50003 SET collation_connection  = utf8mb4_general_ci */ ;
/*!50003 SET @saved_sql_mode       = @@sql_mode */ ;
/*!50003 SET sql_mode              = 'NO_ZERO_IN_DATE,NO_ZERO_DATE,NO_ENGINE_SUBSTITUTION' */ ;
DELIMITER ;;
CREATE DEFINER=`root`@`localhost` PROCEDURE `ConsultarTodosLosProductos`()
BEGIN
    SELECT * FROM Producto;
END ;;
DELIMITER ;
/*!50003 SET sql_mode              = @saved_sql_mode */ ;
/*!50003 SET character_set_client  = @saved_cs_client */ ;
/*!50003 SET character_set_results = @saved_cs_results */ ;
/*!50003 SET collation_connection  = @saved_col_connection */ ;
/*!50003 DROP PROCEDURE IF EXISTS `ConsultarTodosLosProveedores` */;
/*!50003 SET @saved_cs_client      = @@character_set_client */ ;
/*!50003 SET @saved_cs_results     = @@character_set_results */ ;
/*!50003 SET @saved_col_connection = @@collation_connection */ ;
/*!50003 SET character_set_client  = utf8mb4 */ ;
/*!50003 SET character_set_results = utf8mb4 */ ;
/*!50003 SET collation_connection  = utf8mb4_general_ci */ ;
/*!50003 SET @saved_sql_mode       = @@sql_mode */ ;
/*!50003 SET sql_mode              = 'NO_ZERO_IN_DATE,NO_ZERO_DATE,NO_ENGINE_SUBSTITUTION' */ ;
DELIMITER ;;
CREATE DEFINER=`root`@`localhost` PROCEDURE `ConsultarTodosLosProveedores`()
BEGIN
    SELECT id_proveedor, nombre, telefono, correo FROM Proveedor;
END ;;
DELIMITER ;
/*!50003 SET sql_mode              = @saved_sql_mode */ ;
/*!50003 SET character_set_client  = @saved_cs_client */ ;
/*!50003 SET character_set_results = @saved_cs_results */ ;
/*!50003 SET collation_connection  = @saved_col_connection */ ;
/*!50003 DROP PROCEDURE IF EXISTS `ConsultarTodosLosServicios` */;
/*!50003 SET @saved_cs_client      = @@character_set_client */ ;
/*!50003 SET @saved_cs_results     = @@character_set_results */ ;
/*!50003 SET @saved_col_connection = @@collation_connection */ ;
/*!50003 SET character_set_client  = utf8mb4 */ ;
/*!50003 SET character_set_results = utf8mb4 */ ;
/*!50003 SET collation_connection  = utf8mb4_general_ci */ ;
/*!50003 SET @saved_sql_mode       = @@sql_mode */ ;
/*!50003 SET sql_mode              = 'NO_ZERO_IN_DATE,NO_ZERO_DATE,NO_ENGINE_SUBSTITUTION' */ ;
DELIMITER ;;
CREATE DEFINER=`root`@`localhost` PROCEDURE `ConsultarTodosLosServicios`()
BEGIN
  SELECT * FROM Servicio;
END ;;
DELIMITER ;
/*!50003 SET sql_mode              = @saved_sql_mode */ ;
/*!50003 SET character_set_client  = @saved_cs_client */ ;
/*!50003 SET character_set_results = @saved_cs_results */ ;
/*!50003 SET collation_connection  = @saved_col_connection */ ;
/*!50003 DROP PROCEDURE IF EXISTS `ConsultarTodosLosUsuarios` */;
/*!50003 SET @saved_cs_client      = @@character_set_client */ ;
/*!50003 SET @saved_cs_results     = @@character_set_results */ ;
/*!50003 SET @saved_col_connection = @@collation_connection */ ;
/*!50003 SET character_set_client  = utf8mb4 */ ;
/*!50003 SET character_set_results = utf8mb4 */ ;
/*!50003 SET collation_connection  = utf8mb4_general_ci */ ;
/*!50003 SET @saved_sql_mode       = @@sql_mode */ ;
/*!50003 SET sql_mode              = 'NO_ZERO_IN_DATE,NO_ZERO_DATE,NO_ENGINE_SUBSTITUTION' */ ;
DELIMITER ;;
CREATE DEFINER=`root`@`localhost` PROCEDURE `ConsultarTodosLosUsuarios`()
BEGIN
    SELECT * FROM Usuario;
END ;;
DELIMITER ;
/*!50003 SET sql_mode              = @saved_sql_mode */ ;
/*!50003 SET character_set_client  = @saved_cs_client */ ;
/*!50003 SET character_set_results = @saved_cs_results */ ;
/*!50003 SET collation_connection  = @saved_col_connection */ ;
/*!50003 DROP PROCEDURE IF EXISTS `ConsultarUsuarioPorId` */;
/*!50003 SET @saved_cs_client      = @@character_set_client */ ;
/*!50003 SET @saved_cs_results     = @@character_set_results */ ;
/*!50003 SET @saved_col_connection = @@collation_connection */ ;
/*!50003 SET character_set_client  = utf8mb4 */ ;
/*!50003 SET character_set_results = utf8mb4 */ ;
/*!50003 SET collation_connection  = utf8mb4_general_ci */ ;
/*!50003 SET @saved_sql_mode       = @@sql_mode */ ;
/*!50003 SET sql_mode              = 'NO_ZERO_IN_DATE,NO_ZERO_DATE,NO_ENGINE_SUBSTITUTION' */ ;
DELIMITER ;;
CREATE DEFINER=`root`@`localhost` PROCEDURE `ConsultarUsuarioPorId`(IN p_id INT)
BEGIN
    SELECT * FROM Usuario WHERE id_usuario = p_id;
END ;;
DELIMITER ;
/*!50003 SET sql_mode              = @saved_sql_mode */ ;
/*!50003 SET character_set_client  = @saved_cs_client */ ;
/*!50003 SET character_set_results = @saved_cs_results */ ;
/*!50003 SET collation_connection  = @saved_col_connection */ ;
/*!50003 DROP PROCEDURE IF EXISTS `ConsultarVentaPorId` */;
/*!50003 SET @saved_cs_client      = @@character_set_client */ ;
/*!50003 SET @saved_cs_results     = @@character_set_results */ ;
/*!50003 SET @saved_col_connection = @@collation_connection */ ;
/*!50003 SET character_set_client  = utf8mb4 */ ;
/*!50003 SET character_set_results = utf8mb4 */ ;
/*!50003 SET collation_connection  = utf8mb4_general_ci */ ;
/*!50003 SET @saved_sql_mode       = @@sql_mode */ ;
/*!50003 SET sql_mode              = 'NO_ZERO_IN_DATE,NO_ZERO_DATE,NO_ENGINE_SUBSTITUTION' */ ;
DELIMITER ;;
CREATE DEFINER=`root`@`localhost` PROCEDURE `ConsultarVentaPorId`(IN p_id INT)
BEGIN
  SELECT * FROM Venta WHERE id_venta = p_id;
END ;;
DELIMITER ;
/*!50003 SET sql_mode              = @saved_sql_mode */ ;
/*!50003 SET character_set_client  = @saved_cs_client */ ;
/*!50003 SET character_set_results = @saved_cs_results */ ;
/*!50003 SET collation_connection  = @saved_col_connection */ ;
/*!50003 DROP PROCEDURE IF EXISTS `consulta_compra` */;
/*!50003 SET @saved_cs_client      = @@character_set_client */ ;
/*!50003 SET @saved_cs_results     = @@character_set_results */ ;
/*!50003 SET @saved_col_connection = @@collation_connection */ ;
/*!50003 SET character_set_client  = utf8mb4 */ ;
/*!50003 SET character_set_results = utf8mb4 */ ;
/*!50003 SET collation_connection  = utf8mb4_general_ci */ ;
/*!50003 SET @saved_sql_mode       = @@sql_mode */ ;
/*!50003 SET sql_mode              = 'NO_ZERO_IN_DATE,NO_ZERO_DATE,NO_ENGINE_SUBSTITUTION' */ ;
DELIMITER ;;
CREATE DEFINER=`root`@`localhost` PROCEDURE `consulta_compra`()
BEGIN
    SELECT * FROM Compra;
END ;;
DELIMITER ;
/*!50003 SET sql_mode              = @saved_sql_mode */ ;
/*!50003 SET character_set_client  = @saved_cs_client */ ;
/*!50003 SET character_set_results = @saved_cs_results */ ;
/*!50003 SET collation_connection  = @saved_col_connection */ ;
/*!50003 DROP PROCEDURE IF EXISTS `consulta_compra_id` */;
/*!50003 SET @saved_cs_client      = @@character_set_client */ ;
/*!50003 SET @saved_cs_results     = @@character_set_results */ ;
/*!50003 SET @saved_col_connection = @@collation_connection */ ;
/*!50003 SET character_set_client  = utf8mb4 */ ;
/*!50003 SET character_set_results = utf8mb4 */ ;
/*!50003 SET collation_connection  = utf8mb4_general_ci */ ;
/*!50003 SET @saved_sql_mode       = @@sql_mode */ ;
/*!50003 SET sql_mode              = 'NO_ZERO_IN_DATE,NO_ZERO_DATE,NO_ENGINE_SUBSTITUTION' */ ;
DELIMITER ;;
CREATE DEFINER=`root`@`localhost` PROCEDURE `consulta_compra_id`(IN p_id INT)
BEGIN
    SELECT * FROM Compra WHERE id_compra = p_id;
END ;;
DELIMITER ;
/*!50003 SET sql_mode              = @saved_sql_mode */ ;
/*!50003 SET character_set_client  = @saved_cs_client */ ;
/*!50003 SET character_set_results = @saved_cs_results */ ;
/*!50003 SET collation_connection  = @saved_col_connection */ ;
/*!50003 DROP PROCEDURE IF EXISTS `consulta_rol` */;
/*!50003 SET @saved_cs_client      = @@character_set_client */ ;
/*!50003 SET @saved_cs_results     = @@character_set_results */ ;
/*!50003 SET @saved_col_connection = @@collation_connection */ ;
/*!50003 SET character_set_client  = utf8mb4 */ ;
/*!50003 SET character_set_results = utf8mb4 */ ;
/*!50003 SET collation_connection  = utf8mb4_general_ci */ ;
/*!50003 SET @saved_sql_mode       = @@sql_mode */ ;
/*!50003 SET sql_mode              = 'NO_ZERO_IN_DATE,NO_ZERO_DATE,NO_ENGINE_SUBSTITUTION' */ ;
DELIMITER ;;
CREATE DEFINER=`root`@`localhost` PROCEDURE `consulta_rol`()
BEGIN
    SELECT * FROM Rol;
END ;;
DELIMITER ;
/*!50003 SET sql_mode              = @saved_sql_mode */ ;
/*!50003 SET character_set_client  = @saved_cs_client */ ;
/*!50003 SET character_set_results = @saved_cs_results */ ;
/*!50003 SET collation_connection  = @saved_col_connection */ ;
/*!50003 DROP PROCEDURE IF EXISTS `consulta_rol_id` */;
/*!50003 SET @saved_cs_client      = @@character_set_client */ ;
/*!50003 SET @saved_cs_results     = @@character_set_results */ ;
/*!50003 SET @saved_col_connection = @@collation_connection */ ;
/*!50003 SET character_set_client  = utf8mb4 */ ;
/*!50003 SET character_set_results = utf8mb4 */ ;
/*!50003 SET collation_connection  = utf8mb4_general_ci */ ;
/*!50003 SET @saved_sql_mode       = @@sql_mode */ ;
/*!50003 SET sql_mode              = 'NO_ZERO_IN_DATE,NO_ZERO_DATE,NO_ENGINE_SUBSTITUTION' */ ;
DELIMITER ;;
CREATE DEFINER=`root`@`localhost` PROCEDURE `consulta_rol_id`(IN p_id INT)
BEGIN
    SELECT * FROM Rol WHERE id_rol = p_id;
END ;;
DELIMITER ;
/*!50003 SET sql_mode              = @saved_sql_mode */ ;
/*!50003 SET character_set_client  = @saved_cs_client */ ;
/*!50003 SET character_set_results = @saved_cs_results */ ;
/*!50003 SET collation_connection  = @saved_col_connection */ ;
/*!50003 DROP PROCEDURE IF EXISTS `EliminarCategoriaProducto` */;
/*!50003 SET @saved_cs_client      = @@character_set_client */ ;
/*!50003 SET @saved_cs_results     = @@character_set_results */ ;
/*!50003 SET @saved_col_connection = @@collation_connection */ ;
/*!50003 SET character_set_client  = utf8mb4 */ ;
/*!50003 SET character_set_results = utf8mb4 */ ;
/*!50003 SET collation_connection  = utf8mb4_general_ci */ ;
/*!50003 SET @saved_sql_mode       = @@sql_mode */ ;
/*!50003 SET sql_mode              = 'NO_ZERO_IN_DATE,NO_ZERO_DATE,NO_ENGINE_SUBSTITUTION' */ ;
DELIMITER ;;
CREATE DEFINER=`root`@`localhost` PROCEDURE `EliminarCategoriaProducto`(IN p_id INT)
BEGIN
    DELETE FROM categoriaProductos WHERE id_categoria = p_id;
END ;;
DELIMITER ;
/*!50003 SET sql_mode              = @saved_sql_mode */ ;
/*!50003 SET character_set_client  = @saved_cs_client */ ;
/*!50003 SET character_set_results = @saved_cs_results */ ;
/*!50003 SET collation_connection  = @saved_col_connection */ ;
/*!50003 DROP PROCEDURE IF EXISTS `EliminarCliente` */;
/*!50003 SET @saved_cs_client      = @@character_set_client */ ;
/*!50003 SET @saved_cs_results     = @@character_set_results */ ;
/*!50003 SET @saved_col_connection = @@collation_connection */ ;
/*!50003 SET character_set_client  = utf8mb4 */ ;
/*!50003 SET character_set_results = utf8mb4 */ ;
/*!50003 SET collation_connection  = utf8mb4_general_ci */ ;
/*!50003 SET @saved_sql_mode       = @@sql_mode */ ;
/*!50003 SET sql_mode              = 'NO_ZERO_IN_DATE,NO_ZERO_DATE,NO_ENGINE_SUBSTITUTION' */ ;
DELIMITER ;;
CREATE DEFINER=`root`@`localhost` PROCEDURE `EliminarCliente`(IN p_id INT)
BEGIN
    DELETE FROM Cliente WHERE id_cliente = p_id;
END ;;
DELIMITER ;
/*!50003 SET sql_mode              = @saved_sql_mode */ ;
/*!50003 SET character_set_client  = @saved_cs_client */ ;
/*!50003 SET character_set_results = @saved_cs_results */ ;
/*!50003 SET collation_connection  = @saved_col_connection */ ;
/*!50003 DROP PROCEDURE IF EXISTS `EliminarDetalleVenta` */;
/*!50003 SET @saved_cs_client      = @@character_set_client */ ;
/*!50003 SET @saved_cs_results     = @@character_set_results */ ;
/*!50003 SET @saved_col_connection = @@collation_connection */ ;
/*!50003 SET character_set_client  = utf8mb4 */ ;
/*!50003 SET character_set_results = utf8mb4 */ ;
/*!50003 SET collation_connection  = utf8mb4_general_ci */ ;
/*!50003 SET @saved_sql_mode       = @@sql_mode */ ;
/*!50003 SET sql_mode              = 'NO_ZERO_IN_DATE,NO_ZERO_DATE,NO_ENGINE_SUBSTITUTION' */ ;
DELIMITER ;;
CREATE DEFINER=`root`@`localhost` PROCEDURE `EliminarDetalleVenta`(IN p_id_detalle INT)
BEGIN
  DELETE FROM DetalleVenta WHERE id_detalle = p_id_detalle;
END ;;
DELIMITER ;
/*!50003 SET sql_mode              = @saved_sql_mode */ ;
/*!50003 SET character_set_client  = @saved_cs_client */ ;
/*!50003 SET character_set_results = @saved_cs_results */ ;
/*!50003 SET collation_connection  = @saved_col_connection */ ;
/*!50003 DROP PROCEDURE IF EXISTS `EliminarDevolucion` */;
/*!50003 SET @saved_cs_client      = @@character_set_client */ ;
/*!50003 SET @saved_cs_results     = @@character_set_results */ ;
/*!50003 SET @saved_col_connection = @@collation_connection */ ;
/*!50003 SET character_set_client  = utf8mb4 */ ;
/*!50003 SET character_set_results = utf8mb4 */ ;
/*!50003 SET collation_connection  = utf8mb4_general_ci */ ;
/*!50003 SET @saved_sql_mode       = @@sql_mode */ ;
/*!50003 SET sql_mode              = 'NO_ZERO_IN_DATE,NO_ZERO_DATE,NO_ENGINE_SUBSTITUTION' */ ;
DELIMITER ;;
CREATE DEFINER=`root`@`localhost` PROCEDURE `EliminarDevolucion`(IN p_id_devolucion INT)
BEGIN
  DELETE FROM Devoluciones WHERE id_devolucion = p_id_devolucion;
END ;;
DELIMITER ;
/*!50003 SET sql_mode              = @saved_sql_mode */ ;
/*!50003 SET character_set_client  = @saved_cs_client */ ;
/*!50003 SET character_set_results = @saved_cs_results */ ;
/*!50003 SET collation_connection  = @saved_col_connection */ ;
/*!50003 DROP PROCEDURE IF EXISTS `EliminarDomicilio` */;
/*!50003 SET @saved_cs_client      = @@character_set_client */ ;
/*!50003 SET @saved_cs_results     = @@character_set_results */ ;
/*!50003 SET @saved_col_connection = @@collation_connection */ ;
/*!50003 SET character_set_client  = utf8mb4 */ ;
/*!50003 SET character_set_results = utf8mb4 */ ;
/*!50003 SET collation_connection  = utf8mb4_general_ci */ ;
/*!50003 SET @saved_sql_mode       = @@sql_mode */ ;
/*!50003 SET sql_mode              = 'NO_ZERO_IN_DATE,NO_ZERO_DATE,NO_ENGINE_SUBSTITUTION' */ ;
DELIMITER ;;
CREATE DEFINER=`root`@`localhost` PROCEDURE `EliminarDomicilio`(IN p_id_domicilio INT)
BEGIN
  DELETE FROM Domicilio WHERE id_domicilio = p_id_domicilio;
END ;;
DELIMITER ;
/*!50003 SET sql_mode              = @saved_sql_mode */ ;
/*!50003 SET character_set_client  = @saved_cs_client */ ;
/*!50003 SET character_set_results = @saved_cs_results */ ;
/*!50003 SET collation_connection  = @saved_col_connection */ ;
/*!50003 DROP PROCEDURE IF EXISTS `EliminarInventarioHerramienta` */;
/*!50003 SET @saved_cs_client      = @@character_set_client */ ;
/*!50003 SET @saved_cs_results     = @@character_set_results */ ;
/*!50003 SET @saved_col_connection = @@collation_connection */ ;
/*!50003 SET character_set_client  = utf8mb4 */ ;
/*!50003 SET character_set_results = utf8mb4 */ ;
/*!50003 SET collation_connection  = utf8mb4_general_ci */ ;
/*!50003 SET @saved_sql_mode       = @@sql_mode */ ;
/*!50003 SET sql_mode              = 'NO_ZERO_IN_DATE,NO_ZERO_DATE,NO_ENGINE_SUBSTITUTION' */ ;
DELIMITER ;;
CREATE DEFINER=`root`@`localhost` PROCEDURE `EliminarInventarioHerramienta`(IN p_id_herr INT)
BEGIN
  DELETE FROM InventarioHerramientas WHERE id_herr = p_id_herr;
END ;;
DELIMITER ;
/*!50003 SET sql_mode              = @saved_sql_mode */ ;
/*!50003 SET character_set_client  = @saved_cs_client */ ;
/*!50003 SET character_set_results = @saved_cs_results */ ;
/*!50003 SET collation_connection  = @saved_col_connection */ ;
/*!50003 DROP PROCEDURE IF EXISTS `EliminarItemPedido` */;
/*!50003 SET @saved_cs_client      = @@character_set_client */ ;
/*!50003 SET @saved_cs_results     = @@character_set_results */ ;
/*!50003 SET @saved_col_connection = @@collation_connection */ ;
/*!50003 SET character_set_client  = utf8mb4 */ ;
/*!50003 SET character_set_results = utf8mb4 */ ;
/*!50003 SET collation_connection  = utf8mb4_general_ci */ ;
/*!50003 SET @saved_sql_mode       = @@sql_mode */ ;
/*!50003 SET sql_mode              = 'NO_ZERO_IN_DATE,NO_ZERO_DATE,NO_ENGINE_SUBSTITUTION' */ ;
DELIMITER ;;
CREATE DEFINER=`root`@`localhost` PROCEDURE `EliminarItemPedido`(
  IN p_id_compra INT,
  IN p_producto_id INT
)
BEGIN
  DELETE FROM Compra WHERE id_compra = p_id_compra AND producto_id = p_producto_id;
END ;;
DELIMITER ;
/*!50003 SET sql_mode              = @saved_sql_mode */ ;
/*!50003 SET character_set_client  = @saved_cs_client */ ;
/*!50003 SET character_set_results = @saved_cs_results */ ;
/*!50003 SET collation_connection  = @saved_col_connection */ ;
/*!50003 DROP PROCEDURE IF EXISTS `EliminarMantenimiento` */;
/*!50003 SET @saved_cs_client      = @@character_set_client */ ;
/*!50003 SET @saved_cs_results     = @@character_set_results */ ;
/*!50003 SET @saved_col_connection = @@collation_connection */ ;
/*!50003 SET character_set_client  = utf8mb4 */ ;
/*!50003 SET character_set_results = utf8mb4 */ ;
/*!50003 SET collation_connection  = utf8mb4_general_ci */ ;
/*!50003 SET @saved_sql_mode       = @@sql_mode */ ;
/*!50003 SET sql_mode              = 'NO_ZERO_IN_DATE,NO_ZERO_DATE,NO_ENGINE_SUBSTITUTION' */ ;
DELIMITER ;;
CREATE DEFINER=`root`@`localhost` PROCEDURE `EliminarMantenimiento`(IN p_id_mantenimiento INT)
BEGIN
  DELETE FROM Mantenimiento WHERE id_mantenimiento = p_id_mantenimiento;
END ;;
DELIMITER ;
/*!50003 SET sql_mode              = @saved_sql_mode */ ;
/*!50003 SET character_set_client  = @saved_cs_client */ ;
/*!50003 SET character_set_results = @saved_cs_results */ ;
/*!50003 SET collation_connection  = @saved_col_connection */ ;
/*!50003 DROP PROCEDURE IF EXISTS `EliminarMaquinaria` */;
/*!50003 SET @saved_cs_client      = @@character_set_client */ ;
/*!50003 SET @saved_cs_results     = @@character_set_results */ ;
/*!50003 SET @saved_col_connection = @@collation_connection */ ;
/*!50003 SET character_set_client  = utf8mb4 */ ;
/*!50003 SET character_set_results = utf8mb4 */ ;
/*!50003 SET collation_connection  = utf8mb4_general_ci */ ;
/*!50003 SET @saved_sql_mode       = @@sql_mode */ ;
/*!50003 SET sql_mode              = 'NO_ZERO_IN_DATE,NO_ZERO_DATE,NO_ENGINE_SUBSTITUTION' */ ;
DELIMITER ;;
CREATE DEFINER=`root`@`localhost` PROCEDURE `EliminarMaquinaria`(IN p_id_maquina INT)
BEGIN
  DELETE FROM Maquinaria WHERE id_maquina = p_id_maquina;
END ;;
DELIMITER ;
/*!50003 SET sql_mode              = @saved_sql_mode */ ;
/*!50003 SET character_set_client  = @saved_cs_client */ ;
/*!50003 SET character_set_results = @saved_cs_results */ ;
/*!50003 SET collation_connection  = @saved_col_connection */ ;
/*!50003 DROP PROCEDURE IF EXISTS `EliminarProducto` */;
/*!50003 SET @saved_cs_client      = @@character_set_client */ ;
/*!50003 SET @saved_cs_results     = @@character_set_results */ ;
/*!50003 SET @saved_col_connection = @@collation_connection */ ;
/*!50003 SET character_set_client  = utf8mb4 */ ;
/*!50003 SET character_set_results = utf8mb4 */ ;
/*!50003 SET collation_connection  = utf8mb4_general_ci */ ;
/*!50003 SET @saved_sql_mode       = @@sql_mode */ ;
/*!50003 SET sql_mode              = 'NO_ZERO_IN_DATE,NO_ZERO_DATE,NO_ENGINE_SUBSTITUTION' */ ;
DELIMITER ;;
CREATE DEFINER=`root`@`localhost` PROCEDURE `EliminarProducto`(IN p_id INT)
BEGIN
    DELETE FROM Producto WHERE id_producto = p_id;
END ;;
DELIMITER ;
/*!50003 SET sql_mode              = @saved_sql_mode */ ;
/*!50003 SET character_set_client  = @saved_cs_client */ ;
/*!50003 SET character_set_results = @saved_cs_results */ ;
/*!50003 SET collation_connection  = @saved_col_connection */ ;
/*!50003 DROP PROCEDURE IF EXISTS `EliminarProveedor` */;
/*!50003 SET @saved_cs_client      = @@character_set_client */ ;
/*!50003 SET @saved_cs_results     = @@character_set_results */ ;
/*!50003 SET @saved_col_connection = @@collation_connection */ ;
/*!50003 SET character_set_client  = utf8mb4 */ ;
/*!50003 SET character_set_results = utf8mb4 */ ;
/*!50003 SET collation_connection  = utf8mb4_general_ci */ ;
/*!50003 SET @saved_sql_mode       = @@sql_mode */ ;
/*!50003 SET sql_mode              = 'NO_ZERO_IN_DATE,NO_ZERO_DATE,NO_ENGINE_SUBSTITUTION' */ ;
DELIMITER ;;
CREATE DEFINER=`root`@`localhost` PROCEDURE `EliminarProveedor`(IN p_id INT)
BEGIN
    DELETE FROM Proveedor WHERE id_proveedor = p_id;
END ;;
DELIMITER ;
/*!50003 SET sql_mode              = @saved_sql_mode */ ;
/*!50003 SET character_set_client  = @saved_cs_client */ ;
/*!50003 SET character_set_results = @saved_cs_results */ ;
/*!50003 SET collation_connection  = @saved_col_connection */ ;
/*!50003 DROP PROCEDURE IF EXISTS `EliminarServicio` */;
/*!50003 SET @saved_cs_client      = @@character_set_client */ ;
/*!50003 SET @saved_cs_results     = @@character_set_results */ ;
/*!50003 SET @saved_col_connection = @@collation_connection */ ;
/*!50003 SET character_set_client  = utf8mb4 */ ;
/*!50003 SET character_set_results = utf8mb4 */ ;
/*!50003 SET collation_connection  = utf8mb4_general_ci */ ;
/*!50003 SET @saved_sql_mode       = @@sql_mode */ ;
/*!50003 SET sql_mode              = 'NO_ZERO_IN_DATE,NO_ZERO_DATE,NO_ENGINE_SUBSTITUTION' */ ;
DELIMITER ;;
CREATE DEFINER=`root`@`localhost` PROCEDURE `EliminarServicio`(IN p_id INT)
BEGIN
  DELETE FROM Servicio WHERE id_servicio = p_id;
END ;;
DELIMITER ;
/*!50003 SET sql_mode              = @saved_sql_mode */ ;
/*!50003 SET character_set_client  = @saved_cs_client */ ;
/*!50003 SET character_set_results = @saved_cs_results */ ;
/*!50003 SET collation_connection  = @saved_col_connection */ ;
/*!50003 DROP PROCEDURE IF EXISTS `EliminarUsuario` */;
/*!50003 SET @saved_cs_client      = @@character_set_client */ ;
/*!50003 SET @saved_cs_results     = @@character_set_results */ ;
/*!50003 SET @saved_col_connection = @@collation_connection */ ;
/*!50003 SET character_set_client  = utf8mb4 */ ;
/*!50003 SET character_set_results = utf8mb4 */ ;
/*!50003 SET collation_connection  = utf8mb4_general_ci */ ;
/*!50003 SET @saved_sql_mode       = @@sql_mode */ ;
/*!50003 SET sql_mode              = 'NO_ZERO_IN_DATE,NO_ZERO_DATE,NO_ENGINE_SUBSTITUTION' */ ;
DELIMITER ;;
CREATE DEFINER=`root`@`localhost` PROCEDURE `EliminarUsuario`(IN p_id INT)
BEGIN
    DELETE FROM Usuario WHERE id_usuario = p_id;
END ;;
DELIMITER ;
/*!50003 SET sql_mode              = @saved_sql_mode */ ;
/*!50003 SET character_set_client  = @saved_cs_client */ ;
/*!50003 SET character_set_results = @saved_cs_results */ ;
/*!50003 SET collation_connection  = @saved_col_connection */ ;
/*!50003 DROP PROCEDURE IF EXISTS `EliminarVenta` */;
/*!50003 SET @saved_cs_client      = @@character_set_client */ ;
/*!50003 SET @saved_cs_results     = @@character_set_results */ ;
/*!50003 SET @saved_col_connection = @@collation_connection */ ;
/*!50003 SET character_set_client  = utf8mb4 */ ;
/*!50003 SET character_set_results = utf8mb4 */ ;
/*!50003 SET collation_connection  = utf8mb4_general_ci */ ;
/*!50003 SET @saved_sql_mode       = @@sql_mode */ ;
/*!50003 SET sql_mode              = 'NO_ZERO_IN_DATE,NO_ZERO_DATE,NO_ENGINE_SUBSTITUTION' */ ;
DELIMITER ;;
CREATE DEFINER=`root`@`localhost` PROCEDURE `EliminarVenta`(IN p_id INT)
BEGIN
  DELETE FROM Venta WHERE id_venta = p_id;
END ;;
DELIMITER ;
/*!50003 SET sql_mode              = @saved_sql_mode */ ;
/*!50003 SET character_set_client  = @saved_cs_client */ ;
/*!50003 SET character_set_results = @saved_cs_results */ ;
/*!50003 SET collation_connection  = @saved_col_connection */ ;
/*!50003 DROP PROCEDURE IF EXISTS `eliminar_compra` */;
/*!50003 SET @saved_cs_client      = @@character_set_client */ ;
/*!50003 SET @saved_cs_results     = @@character_set_results */ ;
/*!50003 SET @saved_col_connection = @@collation_connection */ ;
/*!50003 SET character_set_client  = utf8mb4 */ ;
/*!50003 SET character_set_results = utf8mb4 */ ;
/*!50003 SET collation_connection  = utf8mb4_general_ci */ ;
/*!50003 SET @saved_sql_mode       = @@sql_mode */ ;
/*!50003 SET sql_mode              = 'NO_ZERO_IN_DATE,NO_ZERO_DATE,NO_ENGINE_SUBSTITUTION' */ ;
DELIMITER ;;
CREATE DEFINER=`root`@`localhost` PROCEDURE `eliminar_compra`(IN p_id_compra INT)
BEGIN
    DELETE FROM Compra WHERE id_compra = p_id_compra;
END ;;
DELIMITER ;
/*!50003 SET sql_mode              = @saved_sql_mode */ ;
/*!50003 SET character_set_client  = @saved_cs_client */ ;
/*!50003 SET character_set_results = @saved_cs_results */ ;
/*!50003 SET collation_connection  = @saved_col_connection */ ;
/*!50003 DROP PROCEDURE IF EXISTS `ingresar_compra` */;
/*!50003 SET @saved_cs_client      = @@character_set_client */ ;
/*!50003 SET @saved_cs_results     = @@character_set_results */ ;
/*!50003 SET @saved_col_connection = @@collation_connection */ ;
/*!50003 SET character_set_client  = utf8mb4 */ ;
/*!50003 SET character_set_results = utf8mb4 */ ;
/*!50003 SET collation_connection  = utf8mb4_general_ci */ ;
/*!50003 SET @saved_sql_mode       = @@sql_mode */ ;
/*!50003 SET sql_mode              = 'NO_ZERO_IN_DATE,NO_ZERO_DATE,NO_ENGINE_SUBSTITUTION' */ ;
DELIMITER ;;
CREATE DEFINER=`root`@`localhost` PROCEDURE `ingresar_compra`(
    IN p_proveedor_id INT, IN p_producto_id INT, IN p_descripcion TEXT,
    IN p_cantidad INT, IN p_fecha_pedido DATE, IN p_fecha_entrega DATE
)
BEGIN
    INSERT INTO Compra (proveedor_id, producto_id, descripcion, cantidad, fecha_pedido, fecha_entrega)
    VALUES (p_proveedor_id, p_producto_id, p_descripcion, p_cantidad, p_fecha_pedido, p_fecha_entrega);
END ;;
DELIMITER ;
/*!50003 SET sql_mode              = @saved_sql_mode */ ;
/*!50003 SET character_set_client  = @saved_cs_client */ ;
/*!50003 SET character_set_results = @saved_cs_results */ ;
/*!50003 SET collation_connection  = @saved_col_connection */ ;
/*!50003 DROP PROCEDURE IF EXISTS `ingresar_rol` */;
/*!50003 SET @saved_cs_client      = @@character_set_client */ ;
/*!50003 SET @saved_cs_results     = @@character_set_results */ ;
/*!50003 SET @saved_col_connection = @@collation_connection */ ;
/*!50003 SET character_set_client  = utf8mb4 */ ;
/*!50003 SET character_set_results = utf8mb4 */ ;
/*!50003 SET collation_connection  = utf8mb4_general_ci */ ;
/*!50003 SET @saved_sql_mode       = @@sql_mode */ ;
/*!50003 SET sql_mode              = 'NO_ZERO_IN_DATE,NO_ZERO_DATE,NO_ENGINE_SUBSTITUTION' */ ;
DELIMITER ;;
CREATE DEFINER=`root`@`localhost` PROCEDURE `ingresar_rol`(IN p_nombre VARCHAR(50))
BEGIN
    INSERT INTO Rol (nombre) VALUES (p_nombre);
END ;;
DELIMITER ;
/*!50003 SET sql_mode              = @saved_sql_mode */ ;
/*!50003 SET character_set_client  = @saved_cs_client */ ;
/*!50003 SET character_set_results = @saved_cs_results */ ;
/*!50003 SET collation_connection  = @saved_col_connection */ ;
/*!50003 DROP PROCEDURE IF EXISTS `InsertarCategoriaProducto` */;
/*!50003 SET @saved_cs_client      = @@character_set_client */ ;
/*!50003 SET @saved_cs_results     = @@character_set_results */ ;
/*!50003 SET @saved_col_connection = @@collation_connection */ ;
/*!50003 SET character_set_client  = utf8mb4 */ ;
/*!50003 SET character_set_results = utf8mb4 */ ;
/*!50003 SET collation_connection  = utf8mb4_general_ci */ ;
/*!50003 SET @saved_sql_mode       = @@sql_mode */ ;
/*!50003 SET sql_mode              = 'NO_ZERO_IN_DATE,NO_ZERO_DATE,NO_ENGINE_SUBSTITUTION' */ ;
DELIMITER ;;
CREATE DEFINER=`root`@`localhost` PROCEDURE `InsertarCategoriaProducto`(
    IN p_nombre VARCHAR(50), 
    IN p_descripcion TEXT
)
BEGIN
    INSERT INTO categoriaProductos (nombre, descripcion) 
    VALUES (p_nombre, p_descripcion);
END ;;
DELIMITER ;
/*!50003 SET sql_mode              = @saved_sql_mode */ ;
/*!50003 SET character_set_client  = @saved_cs_client */ ;
/*!50003 SET character_set_results = @saved_cs_results */ ;
/*!50003 SET collation_connection  = @saved_col_connection */ ;
/*!50003 DROP PROCEDURE IF EXISTS `InsertarCliente` */;
/*!50003 SET @saved_cs_client      = @@character_set_client */ ;
/*!50003 SET @saved_cs_results     = @@character_set_results */ ;
/*!50003 SET @saved_col_connection = @@collation_connection */ ;
/*!50003 SET character_set_client  = utf8mb4 */ ;
/*!50003 SET character_set_results = utf8mb4 */ ;
/*!50003 SET collation_connection  = utf8mb4_general_ci */ ;
/*!50003 SET @saved_sql_mode       = @@sql_mode */ ;
/*!50003 SET sql_mode              = 'NO_ZERO_IN_DATE,NO_ZERO_DATE,NO_ENGINE_SUBSTITUTION' */ ;
DELIMITER ;;
CREATE DEFINER=`root`@`localhost` PROCEDURE `InsertarCliente`(
    IN p_nombre VARCHAR(50),
    IN p_apellido VARCHAR(50),
    IN p_celular BIGINT,
    IN p_correo VARCHAR(100),
    IN p_direccion VARCHAR(100),
    IN p_placa VARCHAR(7),
    IN p_modelo VARCHAR(40)
)
BEGIN
    INSERT INTO Cliente (nombre, apellido, celular, correo, direccion, placa, modelo)
    VALUES (p_nombre, p_apellido, p_celular, p_correo, p_direccion, p_placa, p_modelo);
END ;;
DELIMITER ;
/*!50003 SET sql_mode              = @saved_sql_mode */ ;
/*!50003 SET character_set_client  = @saved_cs_client */ ;
/*!50003 SET character_set_results = @saved_cs_results */ ;
/*!50003 SET collation_connection  = @saved_col_connection */ ;
/*!50003 DROP PROCEDURE IF EXISTS `InsertarDetalleVenta` */;
/*!50003 SET @saved_cs_client      = @@character_set_client */ ;
/*!50003 SET @saved_cs_results     = @@character_set_results */ ;
/*!50003 SET @saved_col_connection = @@collation_connection */ ;
/*!50003 SET character_set_client  = utf8mb4 */ ;
/*!50003 SET character_set_results = utf8mb4 */ ;
/*!50003 SET collation_connection  = utf8mb4_general_ci */ ;
/*!50003 SET @saved_sql_mode       = @@sql_mode */ ;
/*!50003 SET sql_mode              = 'NO_ZERO_IN_DATE,NO_ZERO_DATE,NO_ENGINE_SUBSTITUTION' */ ;
DELIMITER ;;
CREATE DEFINER=`root`@`localhost` PROCEDURE `InsertarDetalleVenta`(
  IN p_venta_id INT,
  IN p_servicio_id INT,
  IN p_producto_id INT,
  IN p_cantidad INT,
  IN p_precio_unitario FLOAT,
  IN p_fecha DATE
)
BEGIN
  INSERT INTO DetalleVenta(venta_id, servicio_id, producto_id, cantidad, precio_unitario, fecha)
  VALUES (p_venta_id, p_servicio_id, p_producto_id, p_cantidad, p_precio_unitario, p_fecha);
END ;;
DELIMITER ;
/*!50003 SET sql_mode              = @saved_sql_mode */ ;
/*!50003 SET character_set_client  = @saved_cs_client */ ;
/*!50003 SET character_set_results = @saved_cs_results */ ;
/*!50003 SET collation_connection  = @saved_col_connection */ ;
/*!50003 DROP PROCEDURE IF EXISTS `InsertarDevolucion` */;
/*!50003 SET @saved_cs_client      = @@character_set_client */ ;
/*!50003 SET @saved_cs_results     = @@character_set_results */ ;
/*!50003 SET @saved_col_connection = @@collation_connection */ ;
/*!50003 SET character_set_client  = utf8mb4 */ ;
/*!50003 SET character_set_results = utf8mb4 */ ;
/*!50003 SET collation_connection  = utf8mb4_general_ci */ ;
/*!50003 SET @saved_sql_mode       = @@sql_mode */ ;
/*!50003 SET sql_mode              = 'NO_ZERO_IN_DATE,NO_ZERO_DATE,NO_ENGINE_SUBSTITUTION' */ ;
DELIMITER ;;
CREATE DEFINER=`root`@`localhost` PROCEDURE `InsertarDevolucion`(
  IN p_compra_id INT,
  IN p_fecha DATE,
  IN p_estado BOOLEAN,
  IN p_razon VARCHAR(100)
)
BEGIN
  INSERT INTO Devoluciones(compra_id, fecha, estado, razon)
  VALUES (p_compra_id, p_fecha, p_estado, p_razon);
END ;;
DELIMITER ;
/*!50003 SET sql_mode              = @saved_sql_mode */ ;
/*!50003 SET character_set_client  = @saved_cs_client */ ;
/*!50003 SET character_set_results = @saved_cs_results */ ;
/*!50003 SET collation_connection  = @saved_col_connection */ ;
/*!50003 DROP PROCEDURE IF EXISTS `InsertarDomicilio` */;
/*!50003 SET @saved_cs_client      = @@character_set_client */ ;
/*!50003 SET @saved_cs_results     = @@character_set_results */ ;
/*!50003 SET @saved_col_connection = @@collation_connection */ ;
/*!50003 SET character_set_client  = utf8mb4 */ ;
/*!50003 SET character_set_results = utf8mb4 */ ;
/*!50003 SET collation_connection  = utf8mb4_general_ci */ ;
/*!50003 SET @saved_sql_mode       = @@sql_mode */ ;
/*!50003 SET sql_mode              = 'NO_ZERO_IN_DATE,NO_ZERO_DATE,NO_ENGINE_SUBSTITUTION' */ ;
DELIMITER ;;
CREATE DEFINER=`root`@`localhost` PROCEDURE `InsertarDomicilio`(
  IN p_cliente_id INT,
  IN p_servicio_id INT,
  IN p_fecha DATE,
  IN p_monto DECIMAL(10,2),
  IN p_usuario_id INT
)
BEGIN
  INSERT INTO Domicilio(cliente_id, servicio_id, fecha, monto, usuario_id)
  VALUES (p_cliente_id, p_servicio_id, p_fecha, p_monto, p_usuario_id);
END ;;
DELIMITER ;
/*!50003 SET sql_mode              = @saved_sql_mode */ ;
/*!50003 SET character_set_client  = @saved_cs_client */ ;
/*!50003 SET character_set_results = @saved_cs_results */ ;
/*!50003 SET collation_connection  = @saved_col_connection */ ;
/*!50003 DROP PROCEDURE IF EXISTS `InsertarInventarioHerramienta` */;
/*!50003 SET @saved_cs_client      = @@character_set_client */ ;
/*!50003 SET @saved_cs_results     = @@character_set_results */ ;
/*!50003 SET @saved_col_connection = @@collation_connection */ ;
/*!50003 SET character_set_client  = utf8mb4 */ ;
/*!50003 SET character_set_results = utf8mb4 */ ;
/*!50003 SET collation_connection  = utf8mb4_general_ci */ ;
/*!50003 SET @saved_sql_mode       = @@sql_mode */ ;
/*!50003 SET sql_mode              = 'NO_ZERO_IN_DATE,NO_ZERO_DATE,NO_ENGINE_SUBSTITUTION' */ ;
DELIMITER ;;
CREATE DEFINER=`root`@`localhost` PROCEDURE `InsertarInventarioHerramienta`(
  IN p_nombre VARCHAR(100),
  IN p_descripcion TEXT,
  IN p_cantidad INT,
  IN p_estado VARCHAR(50),
  IN p_usuario_id INT
)
BEGIN
  INSERT INTO InventarioHerramientas(nombre, descripcion, cantidad, estado, usuario_id)
  VALUES (p_nombre, p_descripcion, p_cantidad, p_estado, p_usuario_id);
END ;;
DELIMITER ;
/*!50003 SET sql_mode              = @saved_sql_mode */ ;
/*!50003 SET character_set_client  = @saved_cs_client */ ;
/*!50003 SET character_set_results = @saved_cs_results */ ;
/*!50003 SET collation_connection  = @saved_col_connection */ ;
/*!50003 DROP PROCEDURE IF EXISTS `InsertarInventarioProducto` */;
/*!50003 SET @saved_cs_client      = @@character_set_client */ ;
/*!50003 SET @saved_cs_results     = @@character_set_results */ ;
/*!50003 SET @saved_col_connection = @@collation_connection */ ;
/*!50003 SET character_set_client  = utf8mb4 */ ;
/*!50003 SET character_set_results = utf8mb4 */ ;
/*!50003 SET collation_connection  = utf8mb4_general_ci */ ;
/*!50003 SET @saved_sql_mode       = @@sql_mode */ ;
/*!50003 SET sql_mode              = 'NO_ZERO_IN_DATE,NO_ZERO_DATE,NO_ENGINE_SUBSTITUTION' */ ;
DELIMITER ;;
CREATE DEFINER=`root`@`localhost` PROCEDURE `InsertarInventarioProducto`(
    IN p_producto_id INT,IN p_cantidad INT,
    IN p_categoria_id INT,IN p_rol_id INT
)
BEGIN
    INSERT INTO InventarioProductos (producto_id,cantidad,categoria_id,rol_id)
    VALUES (p_producto_id,p_cantidad,p_categoria_id,p_rol_id);
END ;;
DELIMITER ;
/*!50003 SET sql_mode              = @saved_sql_mode */ ;
/*!50003 SET character_set_client  = @saved_cs_client */ ;
/*!50003 SET character_set_results = @saved_cs_results */ ;
/*!50003 SET collation_connection  = @saved_col_connection */ ;
/*!50003 DROP PROCEDURE IF EXISTS `InsertarMantenimiento` */;
/*!50003 SET @saved_cs_client      = @@character_set_client */ ;
/*!50003 SET @saved_cs_results     = @@character_set_results */ ;
/*!50003 SET @saved_col_connection = @@collation_connection */ ;
/*!50003 SET character_set_client  = utf8mb4 */ ;
/*!50003 SET character_set_results = utf8mb4 */ ;
/*!50003 SET collation_connection  = utf8mb4_general_ci */ ;
/*!50003 SET @saved_sql_mode       = @@sql_mode */ ;
/*!50003 SET sql_mode              = 'NO_ZERO_IN_DATE,NO_ZERO_DATE,NO_ENGINE_SUBSTITUTION' */ ;
DELIMITER ;;
CREATE DEFINER=`root`@`localhost` PROCEDURE `InsertarMantenimiento`(
  IN p_descripcion TEXT,
  IN p_fecha DATE,
  IN p_personal VARCHAR(80),
  IN p_maquina_id INT,
  IN p_usuario_id INT,
  IN p_costo DECIMAL(10,2)
)
BEGIN
  INSERT INTO Mantenimiento(descripcion, fecha, personal, maquina_id, usuario_id, costo)
  VALUES (p_descripcion, p_fecha, p_personal, p_maquina_id, p_usuario_id, p_costo);
END ;;
DELIMITER ;
/*!50003 SET sql_mode              = @saved_sql_mode */ ;
/*!50003 SET character_set_client  = @saved_cs_client */ ;
/*!50003 SET character_set_results = @saved_cs_results */ ;
/*!50003 SET collation_connection  = @saved_col_connection */ ;
/*!50003 DROP PROCEDURE IF EXISTS `InsertarMaquinaria` */;
/*!50003 SET @saved_cs_client      = @@character_set_client */ ;
/*!50003 SET @saved_cs_results     = @@character_set_results */ ;
/*!50003 SET @saved_col_connection = @@collation_connection */ ;
/*!50003 SET character_set_client  = utf8mb4 */ ;
/*!50003 SET character_set_results = utf8mb4 */ ;
/*!50003 SET collation_connection  = utf8mb4_general_ci */ ;
/*!50003 SET @saved_sql_mode       = @@sql_mode */ ;
/*!50003 SET sql_mode              = 'NO_ZERO_IN_DATE,NO_ZERO_DATE,NO_ENGINE_SUBSTITUTION' */ ;
DELIMITER ;;
CREATE DEFINER=`root`@`localhost` PROCEDURE `InsertarMaquinaria`(
  IN p_nombre VARCHAR(30),
  IN p_descripcion TEXT,
  IN p_estado VARCHAR(50)
)
BEGIN
  INSERT INTO Maquinaria(nombre, descripcion, estado)
  VALUES (p_nombre, p_descripcion, p_estado);
END ;;
DELIMITER ;
/*!50003 SET sql_mode              = @saved_sql_mode */ ;
/*!50003 SET character_set_client  = @saved_cs_client */ ;
/*!50003 SET character_set_results = @saved_cs_results */ ;
/*!50003 SET collation_connection  = @saved_col_connection */ ;
/*!50003 DROP PROCEDURE IF EXISTS `InsertarProducto` */;
/*!50003 SET @saved_cs_client      = @@character_set_client */ ;
/*!50003 SET @saved_cs_results     = @@character_set_results */ ;
/*!50003 SET @saved_col_connection = @@collation_connection */ ;
/*!50003 SET character_set_client  = utf8mb4 */ ;
/*!50003 SET character_set_results = utf8mb4 */ ;
/*!50003 SET collation_connection  = utf8mb4_general_ci */ ;
/*!50003 SET @saved_sql_mode       = @@sql_mode */ ;
/*!50003 SET sql_mode              = 'NO_ZERO_IN_DATE,NO_ZERO_DATE,NO_ENGINE_SUBSTITUTION' */ ;
DELIMITER ;;
CREATE DEFINER=`root`@`localhost` PROCEDURE `InsertarProducto`(
    IN p_nombre VARCHAR(100),
    IN p_descripcion TEXT,
    IN p_cantidad INT,
    IN p_categoria_id INT,
    IN p_precio FLOAT
)
BEGIN
    INSERT INTO Producto (nombre, descripcion, cantidad, categoria_id, precio)
    VALUES (p_nombre, p_descripcion, p_cantidad, p_categoria_id, p_precio);
END ;;
DELIMITER ;
/*!50003 SET sql_mode              = @saved_sql_mode */ ;
/*!50003 SET character_set_client  = @saved_cs_client */ ;
/*!50003 SET character_set_results = @saved_cs_results */ ;
/*!50003 SET collation_connection  = @saved_col_connection */ ;
/*!50003 DROP PROCEDURE IF EXISTS `InsertarProveedor` */;
/*!50003 SET @saved_cs_client      = @@character_set_client */ ;
/*!50003 SET @saved_cs_results     = @@character_set_results */ ;
/*!50003 SET @saved_col_connection = @@collation_connection */ ;
/*!50003 SET character_set_client  = utf8mb4 */ ;
/*!50003 SET character_set_results = utf8mb4 */ ;
/*!50003 SET collation_connection  = utf8mb4_general_ci */ ;
/*!50003 SET @saved_sql_mode       = @@sql_mode */ ;
/*!50003 SET sql_mode              = 'NO_ZERO_IN_DATE,NO_ZERO_DATE,NO_ENGINE_SUBSTITUTION' */ ;
DELIMITER ;;
CREATE DEFINER=`root`@`localhost` PROCEDURE `InsertarProveedor`(
    IN p_nombre VARCHAR(30),
    IN p_telefono BIGINT,
    IN p_correo VARCHAR(80)
)
BEGIN
    INSERT INTO Proveedor (nombre, telefono, correo) VALUES (p_nombre, p_telefono, p_correo);
END ;;
DELIMITER ;
/*!50003 SET sql_mode              = @saved_sql_mode */ ;
/*!50003 SET character_set_client  = @saved_cs_client */ ;
/*!50003 SET character_set_results = @saved_cs_results */ ;
/*!50003 SET collation_connection  = @saved_col_connection */ ;
/*!50003 DROP PROCEDURE IF EXISTS `InsertarServicio` */;
/*!50003 SET @saved_cs_client      = @@character_set_client */ ;
/*!50003 SET @saved_cs_results     = @@character_set_results */ ;
/*!50003 SET @saved_col_connection = @@collation_connection */ ;
/*!50003 SET character_set_client  = utf8mb4 */ ;
/*!50003 SET character_set_results = utf8mb4 */ ;
/*!50003 SET collation_connection  = utf8mb4_general_ci */ ;
/*!50003 SET @saved_sql_mode       = @@sql_mode */ ;
/*!50003 SET sql_mode              = 'NO_ZERO_IN_DATE,NO_ZERO_DATE,NO_ENGINE_SUBSTITUTION' */ ;
DELIMITER ;;
CREATE DEFINER=`root`@`localhost` PROCEDURE `InsertarServicio`(
  IN p_descripcion TEXT,
  IN p_tipo ENUM('taller','domicilio'),
  IN p_fecha DATE,
  IN p_cliente_id INT,
  IN p_usuario_id INT
)
BEGIN
  INSERT INTO Servicio(descripcion, tipo, fecha, cliente_id, usuario_id)
  VALUES (p_descripcion, p_tipo, p_fecha, p_cliente_id, p_usuario_id);
END ;;
DELIMITER ;
/*!50003 SET sql_mode              = @saved_sql_mode */ ;
/*!50003 SET character_set_client  = @saved_cs_client */ ;
/*!50003 SET character_set_results = @saved_cs_results */ ;
/*!50003 SET collation_connection  = @saved_col_connection */ ;
/*!50003 DROP PROCEDURE IF EXISTS `InsertarUsuario` */;
/*!50003 SET @saved_cs_client      = @@character_set_client */ ;
/*!50003 SET @saved_cs_results     = @@character_set_results */ ;
/*!50003 SET @saved_col_connection = @@collation_connection */ ;
/*!50003 SET character_set_client  = utf8mb4 */ ;
/*!50003 SET character_set_results = utf8mb4 */ ;
/*!50003 SET collation_connection  = utf8mb4_general_ci */ ;
/*!50003 SET @saved_sql_mode       = @@sql_mode */ ;
/*!50003 SET sql_mode              = 'NO_ZERO_IN_DATE,NO_ZERO_DATE,NO_ENGINE_SUBSTITUTION' */ ;
DELIMITER ;;
CREATE DEFINER=`root`@`localhost` PROCEDURE `InsertarUsuario`(
    IN p_nombre VARCHAR(50), 
    IN p_apellido VARCHAR(50),
    IN p_celular BIGINT, 
    IN p_correo VARCHAR(100),
    IN p_usuario VARCHAR(50), 
    IN p_clave VARCHAR(100), 
    IN p_rol_id INT
)
BEGIN
    INSERT INTO Usuario (nombre, apellido, celular, correo, usuario, clave, rol_id)
    VALUES (p_nombre, p_apellido, p_celular, p_correo, p_usuario, p_clave, p_rol_id);
END ;;
DELIMITER ;
/*!50003 SET sql_mode              = @saved_sql_mode */ ;
/*!50003 SET character_set_client  = @saved_cs_client */ ;
/*!50003 SET character_set_results = @saved_cs_results */ ;
/*!50003 SET collation_connection  = @saved_col_connection */ ;
/*!50003 DROP PROCEDURE IF EXISTS `InsertarVenta` */;
/*!50003 SET @saved_cs_client      = @@character_set_client */ ;
/*!50003 SET @saved_cs_results     = @@character_set_results */ ;
/*!50003 SET @saved_col_connection = @@collation_connection */ ;
/*!50003 SET character_set_client  = utf8mb4 */ ;
/*!50003 SET character_set_results = utf8mb4 */ ;
/*!50003 SET collation_connection  = utf8mb4_general_ci */ ;
/*!50003 SET @saved_sql_mode       = @@sql_mode */ ;
/*!50003 SET sql_mode              = 'NO_ZERO_IN_DATE,NO_ZERO_DATE,NO_ENGINE_SUBSTITUTION' */ ;
DELIMITER ;;
CREATE DEFINER=`root`@`localhost` PROCEDURE `InsertarVenta`(
  IN p_cliente_id INT,
  IN p_cantidad INT,
  IN p_descripcion TEXT,
  IN p_fecha_venta DATE,
  IN p_encargado_id INT,
  IN p_monto DECIMAL(10,2)
)
BEGIN
  INSERT INTO Venta(cliente_id, cantidad, descripcion, fecha_venta, encargado_id, monto)
  VALUES (p_cliente_id, p_cantidad, p_descripcion, p_fecha_venta, p_encargado_id, p_monto);
END ;;
DELIMITER ;
/*!50003 SET sql_mode              = @saved_sql_mode */ ;
/*!50003 SET character_set_client  = @saved_cs_client */ ;
/*!50003 SET character_set_results = @saved_cs_results */ ;
/*!50003 SET collation_connection  = @saved_col_connection */ ;
/*!50003 DROP PROCEDURE IF EXISTS `ListarPedidos` */;
/*!50003 SET @saved_cs_client      = @@character_set_client */ ;
/*!50003 SET @saved_cs_results     = @@character_set_results */ ;
/*!50003 SET @saved_col_connection = @@collation_connection */ ;
/*!50003 SET character_set_client  = utf8mb4 */ ;
/*!50003 SET character_set_results = utf8mb4 */ ;
/*!50003 SET collation_connection  = utf8mb4_general_ci */ ;
/*!50003 SET @saved_sql_mode       = @@sql_mode */ ;
/*!50003 SET sql_mode              = 'NO_ZERO_IN_DATE,NO_ZERO_DATE,NO_ENGINE_SUBSTITUTION' */ ;
DELIMITER ;;
CREATE DEFINER=`root`@`localhost` PROCEDURE `ListarPedidos`(
  IN p_orden VARCHAR(10),     -- 'ASC' | 'DESC'
  IN p_campo VARCHAR(30),     -- 'fecha_pedido' | 'total' | 'estado'
  IN p_limit INT,
  IN p_offset INT
)
BEGIN
  SET @sql = CONCAT(
    'SELECT id_compra, proveedor_id, fecha_pedido, fecha_entrega, total, estado ',
    'FROM pedidos ',
    'ORDER BY ',
    CASE 
      WHEN p_campo = 'total' THEN ' total '
      WHEN p_campo = 'estado' THEN ' estado '
      ELSE ' fecha_pedido '
    END,
    ' ',
    IF(p_orden = 'ASC', 'ASC', 'DESC'),
    ' LIMIT ', p_limit, ' OFFSET ', p_offset
  );

  PREPARE stmt FROM @sql;
  EXECUTE stmt;
  DEALLOCATE PREPARE stmt;
END ;;
DELIMITER ;
/*!50003 SET sql_mode              = @saved_sql_mode */ ;
/*!50003 SET character_set_client  = @saved_cs_client */ ;
/*!50003 SET character_set_results = @saved_cs_results */ ;
/*!50003 SET collation_connection  = @saved_col_connection */ ;
/*!50003 DROP PROCEDURE IF EXISTS `ObtenerDetallePedido` */;
/*!50003 SET @saved_cs_client      = @@character_set_client */ ;
/*!50003 SET @saved_cs_results     = @@character_set_results */ ;
/*!50003 SET @saved_col_connection = @@collation_connection */ ;
/*!50003 SET character_set_client  = utf8mb4 */ ;
/*!50003 SET character_set_results = utf8mb4 */ ;
/*!50003 SET collation_connection  = utf8mb4_general_ci */ ;
/*!50003 SET @saved_sql_mode       = @@sql_mode */ ;
/*!50003 SET sql_mode              = 'NO_ZERO_IN_DATE,NO_ZERO_DATE,NO_ENGINE_SUBSTITUTION' */ ;
DELIMITER ;;
CREATE DEFINER=`root`@`localhost` PROCEDURE `ObtenerDetallePedido`(IN p_id_compra INT)
BEGIN
  SELECT * FROM pedido_detalle WHERE id_compra = p_id_compra ORDER BY producto_id;
END ;;
DELIMITER ;
/*!50003 SET sql_mode              = @saved_sql_mode */ ;
/*!50003 SET character_set_client  = @saved_cs_client */ ;
/*!50003 SET character_set_results = @saved_cs_results */ ;
/*!50003 SET collation_connection  = @saved_col_connection */ ;
/*!50003 DROP PROCEDURE IF EXISTS `ProductosMasSolicitadosCompras` */;
/*!50003 SET @saved_cs_client      = @@character_set_client */ ;
/*!50003 SET @saved_cs_results     = @@character_set_results */ ;
/*!50003 SET @saved_col_connection = @@collation_connection */ ;
/*!50003 SET character_set_client  = utf8mb4 */ ;
/*!50003 SET character_set_results = utf8mb4 */ ;
/*!50003 SET collation_connection  = utf8mb4_general_ci */ ;
/*!50003 SET @saved_sql_mode       = @@sql_mode */ ;
/*!50003 SET sql_mode              = 'NO_ZERO_IN_DATE,NO_ZERO_DATE,NO_ENGINE_SUBSTITUTION' */ ;
DELIMITER ;;
CREATE DEFINER=`root`@`localhost` PROCEDURE `ProductosMasSolicitadosCompras`(IN p_limit INT)
BEGIN
  SELECT 
    c.producto_id,
    p.nombre AS producto_nombre,
    SUM(c.cantidad) AS total_solicitado
  FROM Compra c
  JOIN Producto p ON p.id_producto = c.producto_id
  GROUP BY c.producto_id, p.nombre
  ORDER BY total_solicitado DESC
  LIMIT p_limit;
END ;;
DELIMITER ;
/*!50003 SET sql_mode              = @saved_sql_mode */ ;
/*!50003 SET character_set_client  = @saved_cs_client */ ;
/*!50003 SET character_set_results = @saved_cs_results */ ;
/*!50003 SET collation_connection  = @saved_col_connection */ ;

--
-- Final view structure for view `pedido_detalle`
--

/*!50001 DROP VIEW IF EXISTS `pedido_detalle`*/;
/*!50001 SET @saved_cs_client          = @@character_set_client */;
/*!50001 SET @saved_cs_results         = @@character_set_results */;
/*!50001 SET @saved_col_connection     = @@collation_connection */;
/*!50001 SET character_set_client      = utf8mb4 */;
/*!50001 SET character_set_results     = utf8mb4 */;
/*!50001 SET collation_connection      = utf8mb4_general_ci */;
/*!50001 CREATE ALGORITHM=UNDEFINED */
/*!50013 DEFINER=`root`@`localhost` SQL SECURITY DEFINER */
/*!50001 VIEW `pedido_detalle` AS select `c`.`id_compra` AS `id_compra`,`c`.`proveedor_id` AS `proveedor_id`,`pr`.`nombre` AS `proveedor_nombre`,`c`.`producto_id` AS `producto_id`,`p`.`nombre` AS `producto_nombre`,`c`.`descripcion` AS `descripcion`,`c`.`cantidad` AS `cantidad`,`c`.`precio_unitario` AS `precio_unitario`,`c`.`monto` AS `monto`,`c`.`fecha_pedido` AS `fecha_pedido`,`c`.`fecha_entrega` AS `fecha_entrega`,`c`.`estado` AS `estado` from ((`compra` `c` join `producto` `p` on(`p`.`id_producto` = `c`.`producto_id`)) join `proveedor` `pr` on(`pr`.`id_proveedor` = `c`.`proveedor_id`)) */;
/*!50001 SET character_set_client      = @saved_cs_client */;
/*!50001 SET character_set_results     = @saved_cs_results */;
/*!50001 SET collation_connection      = @saved_col_connection */;

--
-- Final view structure for view `pedidos`
--

/*!50001 DROP VIEW IF EXISTS `pedidos`*/;
/*!50001 SET @saved_cs_client          = @@character_set_client */;
/*!50001 SET @saved_cs_results         = @@character_set_results */;
/*!50001 SET @saved_col_connection     = @@collation_connection */;
/*!50001 SET character_set_client      = utf8mb4 */;
/*!50001 SET character_set_results     = utf8mb4 */;
/*!50001 SET collation_connection      = utf8mb4_general_ci */;
/*!50001 CREATE ALGORITHM=UNDEFINED */
/*!50013 DEFINER=`root`@`localhost` SQL SECURITY DEFINER */
/*!50001 VIEW `pedidos` AS select `c`.`id_compra` AS `id_compra`,`c`.`proveedor_id` AS `proveedor_id`,min(`c`.`fecha_pedido`) AS `fecha_pedido`,max(`c`.`fecha_entrega`) AS `fecha_entrega`,coalesce(sum(`c`.`monto`),0) AS `total`,max(`c`.`estado`) AS `estado` from `compra` `c` group by `c`.`id_compra`,`c`.`proveedor_id` */;
/*!50001 SET character_set_client      = @saved_cs_client */;
/*!50001 SET character_set_results     = @saved_cs_results */;
/*!50001 SET collation_connection      = @saved_col_connection */;

--
-- Final view structure for view `producto_categoria`
--

/*!50001 DROP VIEW IF EXISTS `producto_categoria`*/;
/*!50001 SET @saved_cs_client          = @@character_set_client */;
/*!50001 SET @saved_cs_results         = @@character_set_results */;
/*!50001 SET @saved_col_connection     = @@collation_connection */;
/*!50001 SET character_set_client      = utf8mb4 */;
/*!50001 SET character_set_results     = utf8mb4 */;
/*!50001 SET collation_connection      = utf8mb4_general_ci */;
/*!50001 CREATE ALGORITHM=UNDEFINED */
/*!50013 DEFINER=`root`@`localhost` SQL SECURITY DEFINER */
/*!50001 VIEW `producto_categoria` AS select `p`.`nombre` AS `producto`,`p`.`cantidad` AS `cantidad`,`c`.`nombre` AS `categoria` from (`producto` `p` join `categoriaproductos` `c` on(`p`.`categoria_id` = `c`.`id_categoria`)) */;
/*!50001 SET character_set_client      = @saved_cs_client */;
/*!50001 SET character_set_results     = @saved_cs_results */;
/*!50001 SET collation_connection      = @saved_col_connection */;

--
-- Final view structure for view `vista_domicilios`
--

/*!50001 DROP VIEW IF EXISTS `vista_domicilios`*/;
/*!50001 SET @saved_cs_client          = @@character_set_client */;
/*!50001 SET @saved_cs_results         = @@character_set_results */;
/*!50001 SET @saved_col_connection     = @@collation_connection */;
/*!50001 SET character_set_client      = utf8mb4 */;
/*!50001 SET character_set_results     = utf8mb4 */;
/*!50001 SET collation_connection      = utf8mb4_general_ci */;
/*!50001 CREATE ALGORITHM=UNDEFINED */
/*!50013 DEFINER=`root`@`localhost` SQL SECURITY DEFINER */
/*!50001 VIEW `vista_domicilios` AS select `d`.`id_domicilio` AS `id_domicilio`,`c`.`nombre` AS `nombre_cliente`,`c`.`direccion` AS `direccion`,`s`.`descripcion` AS `descripcion_servicio`,`d`.`fecha` AS `fecha`,`d`.`monto` AS `monto`,`u`.`nombre` AS `usuario_registro` from (((`domicilio` `d` join `cliente` `c` on(`d`.`cliente_id` = `c`.`id_cliente`)) join `servicio` `s` on(`d`.`servicio_id` = `s`.`id_servicio`)) join `usuario` `u` on(`d`.`usuario_id` = `u`.`id_usuario`)) */;
/*!50001 SET character_set_client      = @saved_cs_client */;
/*!50001 SET character_set_results     = @saved_cs_results */;
/*!50001 SET collation_connection      = @saved_col_connection */;

--
-- Final view structure for view `vista_producto_mas_vendido`
--

/*!50001 DROP VIEW IF EXISTS `vista_producto_mas_vendido`*/;
/*!50001 SET @saved_cs_client          = @@character_set_client */;
/*!50001 SET @saved_cs_results         = @@character_set_results */;
/*!50001 SET @saved_col_connection     = @@collation_connection */;
/*!50001 SET character_set_client      = utf8mb4 */;
/*!50001 SET character_set_results     = utf8mb4 */;
/*!50001 SET collation_connection      = utf8mb4_general_ci */;
/*!50001 CREATE ALGORITHM=UNDEFINED */
/*!50013 DEFINER=`root`@`localhost` SQL SECURITY DEFINER */
/*!50001 VIEW `vista_producto_mas_vendido` AS select `vista_total_vendido_productos`.`nombre` AS `nombre`,`vista_total_vendido_productos`.`total_vendido` AS `total_vendido` from `vista_total_vendido_productos` order by `vista_total_vendido_productos`.`total_vendido` desc limit 1 */;
/*!50001 SET character_set_client      = @saved_cs_client */;
/*!50001 SET character_set_results     = @saved_cs_results */;
/*!50001 SET collation_connection      = @saved_col_connection */;

--
-- Final view structure for view `vista_producto_menos_vendido`
--

/*!50001 DROP VIEW IF EXISTS `vista_producto_menos_vendido`*/;
/*!50001 SET @saved_cs_client          = @@character_set_client */;
/*!50001 SET @saved_cs_results         = @@character_set_results */;
/*!50001 SET @saved_col_connection     = @@collation_connection */;
/*!50001 SET character_set_client      = utf8mb4 */;
/*!50001 SET character_set_results     = utf8mb4 */;
/*!50001 SET collation_connection      = utf8mb4_general_ci */;
/*!50001 CREATE ALGORITHM=UNDEFINED */
/*!50013 DEFINER=`root`@`localhost` SQL SECURITY DEFINER */
/*!50001 VIEW `vista_producto_menos_vendido` AS select `vista_total_vendido_productos`.`nombre` AS `nombre`,`vista_total_vendido_productos`.`total_vendido` AS `total_vendido` from `vista_total_vendido_productos` order by `vista_total_vendido_productos`.`total_vendido` limit 1 */;
/*!50001 SET character_set_client      = @saved_cs_client */;
/*!50001 SET character_set_results     = @saved_cs_results */;
/*!50001 SET collation_connection      = @saved_col_connection */;

--
-- Final view structure for view `vista_total_servicios_por_usuario`
--

/*!50001 DROP VIEW IF EXISTS `vista_total_servicios_por_usuario`*/;
/*!50001 SET @saved_cs_client          = @@character_set_client */;
/*!50001 SET @saved_cs_results         = @@character_set_results */;
/*!50001 SET @saved_col_connection     = @@collation_connection */;
/*!50001 SET character_set_client      = utf8mb4 */;
/*!50001 SET character_set_results     = utf8mb4 */;
/*!50001 SET collation_connection      = utf8mb4_general_ci */;
/*!50001 CREATE ALGORITHM=UNDEFINED */
/*!50013 DEFINER=`root`@`localhost` SQL SECURITY DEFINER */
/*!50001 VIEW `vista_total_servicios_por_usuario` AS select `u`.`id_usuario` AS `id_usuario`,concat(`u`.`nombre`,' ',`u`.`apellido`) AS `usuario`,count(`s`.`id_servicio`) AS `total_servicios` from (`usuario` `u` left join `servicio` `s` on(`s`.`usuario_id` = `u`.`id_usuario`)) group by `u`.`id_usuario`,`u`.`nombre`,`u`.`apellido` */;
/*!50001 SET character_set_client      = @saved_cs_client */;
/*!50001 SET character_set_results     = @saved_cs_results */;
/*!50001 SET collation_connection      = @saved_col_connection */;

--
-- Final view structure for view `vista_total_vendido_productos`
--

/*!50001 DROP VIEW IF EXISTS `vista_total_vendido_productos`*/;
/*!50001 SET @saved_cs_client          = @@character_set_client */;
/*!50001 SET @saved_cs_results         = @@character_set_results */;
/*!50001 SET @saved_col_connection     = @@collation_connection */;
/*!50001 SET character_set_client      = utf8mb4 */;
/*!50001 SET character_set_results     = utf8mb4 */;
/*!50001 SET collation_connection      = utf8mb4_general_ci */;
/*!50001 CREATE ALGORITHM=UNDEFINED */
/*!50013 DEFINER=`root`@`localhost` SQL SECURITY DEFINER */
/*!50001 VIEW `vista_total_vendido_productos` AS select `p`.`id_producto` AS `id_producto`,`p`.`nombre` AS `nombre`,coalesce(sum(`d`.`cantidad`),0) AS `total_vendido` from (`producto` `p` left join `detalleventa` `d` on(`d`.`producto_id` = `p`.`id_producto`)) group by `p`.`id_producto`,`p`.`nombre` */;
/*!50001 SET character_set_client      = @saved_cs_client */;
/*!50001 SET character_set_results     = @saved_cs_results */;
/*!50001 SET collation_connection      = @saved_col_connection */;

--
-- Final view structure for view `vista_usuario_mas_servicios`
--

/*!50001 DROP VIEW IF EXISTS `vista_usuario_mas_servicios`*/;
/*!50001 SET @saved_cs_client          = @@character_set_client */;
/*!50001 SET @saved_cs_results         = @@character_set_results */;
/*!50001 SET @saved_col_connection     = @@collation_connection */;
/*!50001 SET character_set_client      = utf8mb4 */;
/*!50001 SET character_set_results     = utf8mb4 */;
/*!50001 SET collation_connection      = utf8mb4_general_ci */;
/*!50001 CREATE ALGORITHM=UNDEFINED */
/*!50013 DEFINER=`root`@`localhost` SQL SECURITY DEFINER */
/*!50001 VIEW `vista_usuario_mas_servicios` AS select `vista_total_servicios_por_usuario`.`usuario` AS `usuario`,`vista_total_servicios_por_usuario`.`total_servicios` AS `total_servicios` from `vista_total_servicios_por_usuario` order by `vista_total_servicios_por_usuario`.`total_servicios` desc limit 1 */;
/*!50001 SET character_set_client      = @saved_cs_client */;
/*!50001 SET character_set_results     = @saved_cs_results */;
/*!50001 SET collation_connection      = @saved_col_connection */;

--
-- Final view structure for view `vista_usuario_mas_ventas`
--

/*!50001 DROP VIEW IF EXISTS `vista_usuario_mas_ventas`*/;
/*!50001 SET @saved_cs_client          = @@character_set_client */;
/*!50001 SET @saved_cs_results         = @@character_set_results */;
/*!50001 SET @saved_col_connection     = @@collation_connection */;
/*!50001 SET character_set_client      = utf8mb4 */;
/*!50001 SET character_set_results     = utf8mb4 */;
/*!50001 SET collation_connection      = utf8mb4_general_ci */;
/*!50001 CREATE ALGORITHM=UNDEFINED */
/*!50013 DEFINER=`root`@`localhost` SQL SECURITY DEFINER */
/*!50001 VIEW `vista_usuario_mas_ventas` AS select `vista_ventas_por_usuario`.`nombre_usuario` AS `nombre_usuario`,`vista_ventas_por_usuario`.`total_ventas` AS `total_ventas`,`vista_ventas_por_usuario`.`total_monto_vendido` AS `total_monto_vendido` from `vista_ventas_por_usuario` order by `vista_ventas_por_usuario`.`total_ventas` desc limit 1 */;
/*!50001 SET character_set_client      = @saved_cs_client */;
/*!50001 SET character_set_results     = @saved_cs_results */;
/*!50001 SET collation_connection      = @saved_col_connection */;

--
-- Final view structure for view `vista_usuario_menos_servicios`
--

/*!50001 DROP VIEW IF EXISTS `vista_usuario_menos_servicios`*/;
/*!50001 SET @saved_cs_client          = @@character_set_client */;
/*!50001 SET @saved_cs_results         = @@character_set_results */;
/*!50001 SET @saved_col_connection     = @@collation_connection */;
/*!50001 SET character_set_client      = utf8mb4 */;
/*!50001 SET character_set_results     = utf8mb4 */;
/*!50001 SET collation_connection      = utf8mb4_general_ci */;
/*!50001 CREATE ALGORITHM=UNDEFINED */
/*!50013 DEFINER=`root`@`localhost` SQL SECURITY DEFINER */
/*!50001 VIEW `vista_usuario_menos_servicios` AS select `vista_total_servicios_por_usuario`.`usuario` AS `usuario`,`vista_total_servicios_por_usuario`.`total_servicios` AS `total_servicios` from `vista_total_servicios_por_usuario` order by `vista_total_servicios_por_usuario`.`total_servicios` limit 1 */;
/*!50001 SET character_set_client      = @saved_cs_client */;
/*!50001 SET character_set_results     = @saved_cs_results */;
/*!50001 SET collation_connection      = @saved_col_connection */;

--
-- Final view structure for view `vista_usuario_menos_ventas`
--

/*!50001 DROP VIEW IF EXISTS `vista_usuario_menos_ventas`*/;
/*!50001 SET @saved_cs_client          = @@character_set_client */;
/*!50001 SET @saved_cs_results         = @@character_set_results */;
/*!50001 SET @saved_col_connection     = @@collation_connection */;
/*!50001 SET character_set_client      = utf8mb4 */;
/*!50001 SET character_set_results     = utf8mb4 */;
/*!50001 SET collation_connection      = utf8mb4_general_ci */;
/*!50001 CREATE ALGORITHM=UNDEFINED */
/*!50013 DEFINER=`root`@`localhost` SQL SECURITY DEFINER */
/*!50001 VIEW `vista_usuario_menos_ventas` AS select `vista_ventas_por_usuario`.`nombre_usuario` AS `nombre_usuario`,`vista_ventas_por_usuario`.`total_ventas` AS `total_ventas`,`vista_ventas_por_usuario`.`total_monto_vendido` AS `total_monto_vendido` from `vista_ventas_por_usuario` order by `vista_ventas_por_usuario`.`total_ventas` limit 1 */;
/*!50001 SET character_set_client      = @saved_cs_client */;
/*!50001 SET character_set_results     = @saved_cs_results */;
/*!50001 SET collation_connection      = @saved_col_connection */;

--
-- Final view structure for view `vista_ventas_por_usuario`
--

/*!50001 DROP VIEW IF EXISTS `vista_ventas_por_usuario`*/;
/*!50001 SET @saved_cs_client          = @@character_set_client */;
/*!50001 SET @saved_cs_results         = @@character_set_results */;
/*!50001 SET @saved_col_connection     = @@collation_connection */;
/*!50001 SET character_set_client      = utf8mb4 */;
/*!50001 SET character_set_results     = utf8mb4 */;
/*!50001 SET collation_connection      = utf8mb4_general_ci */;
/*!50001 CREATE ALGORITHM=UNDEFINED */
/*!50013 DEFINER=`root`@`localhost` SQL SECURITY DEFINER */
/*!50001 VIEW `vista_ventas_por_usuario` AS select `u`.`id_usuario` AS `usuario_id`,concat(`u`.`nombre`,' ',`u`.`apellido`) AS `nombre_usuario`,count(`v`.`id_venta`) AS `total_ventas`,sum(`v`.`monto`) AS `total_monto_vendido` from (`usuario` `u` left join `venta` `v` on(`v`.`encargado_id` = `u`.`id_usuario`)) group by `u`.`id_usuario`,`u`.`nombre`,`u`.`apellido` */;
/*!50001 SET character_set_client      = @saved_cs_client */;
/*!50001 SET character_set_results     = @saved_cs_results */;
/*!50001 SET collation_connection      = @saved_col_connection */;
/*!40103 SET TIME_ZONE=@OLD_TIME_ZONE */;

/*!40101 SET SQL_MODE=@OLD_SQL_MODE */;
/*!40014 SET FOREIGN_KEY_CHECKS=@OLD_FOREIGN_KEY_CHECKS */;
/*!40014 SET UNIQUE_CHECKS=@OLD_UNIQUE_CHECKS */;
/*!40101 SET CHARACTER_SET_CLIENT=@OLD_CHARACTER_SET_CLIENT */;
/*!40101 SET CHARACTER_SET_RESULTS=@OLD_CHARACTER_SET_RESULTS */;
/*!40101 SET COLLATION_CONNECTION=@OLD_COLLATION_CONNECTION */;
/*!40111 SET SQL_NOTES=@OLD_SQL_NOTES */;

-- Dump completed on 2025-11-22 12:52:33
